downloads,python_version,distro_name,distro_version
2576269,3.6,Ubuntu,16.04
2276725,3.5,Ubuntu,16.04
2173751,2.7,Debian GNU/Linux,9
1709758,2.7,Amazon Linux AMI,2018.03
1687085,3.6,,
1419975,2.7,Ubuntu,16.04
1199902,3.6,Amazon Linux AMI,2018.03
1148914,3.6,Debian GNU/Linux,9
956686,3.6,Ubuntu,18.04
731130,3.7,,
592500,3.7,Debian GNU/Linux,9
475974,2.7,Amazon Linux AMI,2017.09
387708,3.6,Amazon Linux,2
373275,3.5,,
304251,2.7,Ubuntu,14.04
297833,3.7,Debian GNU/Linux,10
291048,2.7,Ubuntu,18.04
250927,3.7,Ubuntu,16.04
243898,3.5,Debian GNU/Linux,9
238260,3.7,Ubuntu,18.04
232167,3.6,Debian GNU/Linux,10
220465,2.7,Amazon Linux AMI,2016.03
212657,3.5,Ubuntu,14.04
206262,3.6,CentOS Linux,7
190369,,,
185270,2.7,Debian GNU/Linux,8
176546,2.7,,
169880,3.6,Ubuntu,14.04
165223,2.7,CentOS Linux,7
152170,3.6,Debian GNU/Linux,8
126053,3.7,macOS,10.14.5
107597,3.7,Amazon Linux,2
81409,3.6,Amazon Linux AMI,2017.09
73730,2.7,Debian GNU/Linux,10
71565,3.4,Amazon Linux AMI,2018.03
53351,2.7,Amazon Linux AMI,2016.09
51803,3.6,Amazon Linux AMI,2016.03
49296,3.7,Amazon Linux AMI,2018.03
42393,2.7,macOS,10.14.5
40936,3.6,macOS,10.14.5
37971,3.7,Ubuntu,14.04
37117,3.6,Red Hat Enterprise Linux Server,7.6
36693,2.7,Amazon Linux AMI,2017.03
35894,3.7,CentOS Linux,7
34915,3.5,Amazon Linux AMI,2016.03
33955,3.7,macOS,10.13.6
33653,3.7,Ubuntu,19.04
33585,3.5,Debian GNU/Linux,10
33558,3.5,Ubuntu,18.04
33552,3.7,macOS,10.14.6
32110,3.5,Amazon Linux AMI,2018.03
31850,2.7,macOS,10.13.6
23614,3.6,Fedora,28
21963,3.6,Red Hat Enterprise Linux Server,7.4
21180,3.5,CentOS Linux,7
16196,3.7,macOS,10.14.4
15980,3.6,macOS,10.13.6
15416,3.5,Debian GNU/Linux,8
15412,3.7,Amazon Linux AMI,2016.03
12343,3.4,Amazon Linux AMI,2017.09
12129,3.6,macOS,10.13.3
12046,2.7,Ubuntu,12.04
11694,3.7,Arch Linux,
11472,3.6,Ubuntu,18.10
11295,2.7,macOS,10.14.6
11008,3.6,Amazon Linux AMI,2017.03
10712,3.6,CentOS,6.10
10382,2.7,macOS,10.13.3
10177,2.7,Amazon Linux AMI,2015.09
10095,2.7,macOS,10.12.6
10085,3.6,Ubuntu,17.10
9737,3.7,Manjaro Linux,18.0.4
9520,3.7,macOS,10.12.6
9388,2.7,Amazon Linux,2
9194,2.7,Red Hat Enterprise Linux Server,7.0
9170,3.7,macOS,10.14.3
8683,3.7,macOS,10.13.3
8615,3.6,macOS,10.14.6
8402,3.7,Fedora,30
8093,3.7,Red Hat Enterprise Linux Server,7.6
7922,3.6,Linux Mint,19.1
7558,3.7,Ubuntu,18.10
7538,3.6,Alpine Linux,3.7.3
7474,2.7,CentOS Linux,7.6.1810
6995,2.7,Ubuntu,19.04
6833,3.4,Amazon Linux AMI,2017.03
6748,3.6,Alpine Linux,3.6.2
6611,3.6,macOS,10.12.6
6405,2.7,macOS,10.14.3
6151,2.7,Ubuntu,16.10
6069,3.5,debian,9.9
6064,3.6,macOS,10.14.4
5692,3.6,Red Hat Enterprise Linux Server,6.10
5603,2.7,Red Hat Enterprise Linux Server,7.6
5486,3.7,macOS,10.14
5427,3.5,macOS,10.13.3
5256,2.7,CentOS,6.10
5172,3.6,CentOS Linux,7.6.1810
5154,3.5,macOS,10.14.5
5067,2.7,Ubuntu,18.10
4946,2.7,macOS,10.14.4
4752,2.7,Alpine Linux,3.10.0
4667,3.6,Red Hat Enterprise Linux Server,7.5
4368,3.4,Ubuntu,14.04
4304,3.5,macOS,10.13.6
4294,3.7,Fedora,29
3860,3.4,,
3854,3.7,macOS,10.14.2
3728,3.6,macOS,10.14.3
3614,3.6,Debian GNU/Linux,
3561,3.6,CentOS,5.11
3277,3.5,CentOS,6.10
3247,3.6,macOS,10.14
3225,3.7,macOS,10.15
3083,3.7,Arch Linux,rolling
3070,3.7,Alpine Linux,3.10.1
3056,2.7,CentOS,5.11
3031,2.7,Linux Mint,19.1
3024,3.7,CentOS,5.11
2950,3.6,Red Hat Enterprise Linux,8.0
2803,3.7,CentOS,6.10
2615,2.7,Fedora,30
2606,3.7,macOS,10.11.6
2576,3.5,Red Hat Enterprise Linux Server,7.5
2500,2.7,Debian GNU/Linux,7
2458,3.5,debian,stretch/sid
2444,3.5,CentOS,5.11
2442,3.7,Debian GNU/Linux,
2392,2.7,macOS,10.14
2369,3.5,Amazon Linux AMI,2017.09
2361,3.7,macOS,10.14.1
2345,2.7,debian,jessie/sid
2327,2.7,macOS,10.14.2
2296,3.6,Ubuntu,19.04
2229,3.7,Amazon Linux AMI,2017.03
2209,3.6,Fedora,27
2191,3.6,Linux Mint,19
2169,3.7,Linux Mint,19.1
2148,3.7,Kali GNU/Linux,2019.2
2112,3.4,Ubuntu,18.04
2069,2.7,CentOS Linux,7.5.1804
2047,3.7,Pop!_OS,19.04
2035,3.4,Debian GNU/Linux,9
2034,3.7,Alpine Linux,3.10.0
1961,3.6,Oracle Linux Server,7.6
1928,2.7,macOS,10.13.4
1912,3.6,openSUSE Leap,15.0
1899,3.6,Gentoo,2019050701
1876,2.7,CentOS,6.9
1806,2.7,Red Hat Enterprise Linux Server,7.4
1726,3.7,macOS,10.13.4
1719,3.5,macOS,10.12.6
1681,3.6,macOS,10.14.2
1657,2.7,Red Hat Enterprise Linux Server,7.5
1610,3.6,Fedora,20
1582,3.6,macOS,10.11.6
1534,3.5,macOS,10.14.6
1464,3.6,Alpine Linux,3.8.4
1416,3.6,CentOS,6.9
1409,3.6,Alpine Linux,3.10.1
1386,3.6,elementary OS,5.0
1370,3.4,Debian GNU/Linux,8
1348,2.7,macOS,10.11.6
1297,2.7,CentOS,6.8
1288,3.7,Red Hat Enterprise Linux Server,7.7
1246,3.5,debian,8.4
1176,2.7,debian,stretch/sid
1168,3.5,debian,jessie/sid
1162,3.7,Raspbian GNU/Linux,10
1126,3.4,Ubuntu,16.04
1112,3.6,Arch Linux,
1099,2.7,macOS,10.15
1099,2.7,macOS,10.14.1
1054,3.6,macOS,10.14.1
1046,2.7,CentOS Linux,7.4.1708
989,3.7,Amazon Linux AMI,2017.09
954,3.7,Kali GNU/Linux,2019.3
951,2.7,CentOS Linux,7.3.1611
926,3.6,macOS,10.13.4
916,3.6,openSUSE Leap,15.1
914,2.7,openSUSE Leap,15.0
910,3.7,Ubuntu,19.10
895,3.5,Amazon Linux AMI,2017.03
892,3.5,Linux Mint,18.3
883,3.4,CentOS,6.10
873,3.7,Debian GNU/Linux,8
868,3.7,macOS,10.13.5
864,2.7,Scientific Linux,7.6
833,2.7,Linux Mint,19
824,2.7,Oracle Linux Server,7.6
821,3.6,Red Hat Enterprise Linux Workstation,7.6
809,3.6,Fedora,30
806,3.7,Amazon Linux,2.0
795,2.7,CentOS Linux,7.2.1511
791,3.6,Pop!_OS,18.04
783,3.7,Ubuntu,16.10
779,3.7,Debian GNU/Linux,testing
778,3.6,KDE neon,18.04
776,3.6,Manjaro Linux,18.0.4
774,2.7,Fedora,29
767,3.6,Scientific Linux,7.6
741,3.5,Debian GNU/Linux,7
716,3.7,Antergos Linux,
677,3.4,CentOS Linux,7
675,3.7,Alpine Linux,3.9.3
672,3.7,macOS,10.10.5
658,3.6,Gentoo,2019062001
658,3.7,Alpine Linux,3.9.4
640,2.7,Kali GNU/Linux,2019.2
638,3.6,Gentoo,2019071201
626,2.7,Virtuozzo,7
621,3.7,Red Hat Enterprise Linux Server,7.5
605,3.6,Red Hat Enterprise Linux Server,7.3
601,3.6,RedHatEnterpriseWorkstation,6.6
592,2.7,Amazon Linux AMI,2014.09
588,3.6,macOS,10.15
587,3.7,Linux Mint,19
582,3.5,Raspbian GNU/Linux,9
574,2.7,Red Hat Enterprise Linux,8.0
565,3.6,Alpine Linux,3.8.2
557,3.6,RedHatEnterpriseServer,6.10
556,2.7,Alibaba Group Enterprise Linux Server,7.2
549,3.6,CentOS,6.8
549,3.6,CentOS,6.6
544,3.7,Alpine Linux,3.8.2
535,3.6,Alpine Linux,3.9.0
534,3.6,Fedora,26
528,3.6,Alpine Linux,3.10.0
528,3.6,macOS,10.13.5
526,2.7,Arch Linux,
523,3.6,Linux Mint,18.3
514,3.6,Linux Mint,19.2
503,3.7,Alpine Linux,3.9.2
501,3.5,macOS,10.14.4
498,3.6,Gentoo,2.6
497,3.5,Amazon Linux AMI,2016.09
495,3.7,Raspbian GNU/Linux,9
489,2.7,Ubuntu,17.10
484,3.5,Red Hat Enterprise Linux Server,7.6
479,3.5,CentOS,6.9
475,2.7,Manjaro Linux,18.0.4
467,3.7,Linux Mint,18.3
457,2.7,Fedora,25
456,3.6,CentOS Linux,7.5.1804
454,3.6,Red Hat Enterprise Linux Server,5.3
444,3.6,SLES,12.3
443,3.6,Fedora,29
438,3.7,macOS,10.13.2
433,3.4,CentOS,5.11
413,2.7,Red Hat Enterprise Linux Server,7.3
404,3.7,Debian GNU/Linux,unstable
403,2.7,elementary OS,5.0
399,2.7,Fedora,28
393,2.7,Linux Mint,18.3
392,3.7,debian,9.9
391,3.7,macOS,10.13.1
376,2.7,Pop!_OS,19.04
374,2.7,Debian GNU/Linux,
372,2.7,CentOS,6.6
371,2.7,Oracle Linux Server,6.10
364,3.7,Red Hat Enterprise Linux Server,7.4
361,2.7,SLES,12.1
359,3.5,Amazon Linux,2
358,3.6,Amazon Linux AMI,2016.09
346,3.7,Oracle Linux Server,7.6
342,2.7,macOS,10.10.5
337,3.5,Lexmark Poky (Yocto Project Reference Distro),2.5.3
333,3.5,LinuxMint,18.3
329,3.6,macOS,10.13.1
328,3.5,Deepin,15.11
325,3.6,macOS,10.13.2
325,3.7,Ubuntu Core,18
320,3.6,CentOS,6.5
320,2.7,VMware Photon OS,3.0
319,3.6,CentOS Linux,7.4.1708
313,3.7,Antergos Linux,rolling
309,2.7,Ubuntu,10.04
308,3.7,Parrot GNU/Linux,4.7
306,2.7,Fedora,27
304,3.7,Scientific,6.6
304,3.7,elementary OS,5.0
297,3.6,CentOS,6.7
296,3.5,Ubuntu,19.04
295,3.7,Freedesktop.org,18.08.34
289,3.6,Arch Linux,rolling
285,3.6,Solus,4.0
284,3.5,Deepin,15.10.1
284,3.6,Alibaba Group Enterprise Linux Server,7.2
283,3.6,Gentoo,2019080201
278,3.5,VMware Photon,1.0
276,3.7,macOS,10.12.5
276,2.7,CentOS,6.5
276,3.7,Kali GNU/Linux,2019.1
275,2.7,Red Hat Enterprise Linux Workstation,7.6
275,2.7,macOS,10.13.5
273,3.5,SLES,11.4
272,2.7,Raspbian GNU/Linux,10
272,2.7,openSUSE Leap,42.3
268,3.6,Linux Mint,18.1
266,3.6,Tencent tlinux,2.2
262,3.6,CentOS Linux,7.3.1611
259,3.7,Red Hat Enterprise Linux Workstation,7.5
258,3.6,Alpine Linux,3.8.0
256,3.5,macOS,10.11.6
254,2.7,RedHatEnterpriseServer,6.10
254,3.5,Fedora,25
253,3.5,Linux Mint,18.1
248,3.6,Alpine Linux,3.9.2
244,3.6,Red Hat Enterprise Linux,8.1
243,3.7,Red Hat Enterprise Linux Workstation,7.6
239,3.5,macOS,10.14.3
237,3.7,KDE neon,18.04
237,3.5,CentOS,6.8
234,3.7,CentOS,6.9
230,2.7,Red Hat Enterprise Linux Server,7.2
228,2.7,Arch Linux,rolling
220,3.6,void,rolling
219,3.5,Red Hat Enterprise Linux Server,7.4
216,3.5,CentOS Linux,7.6.1810
216,2.7,Ubuntu,15.04
216,3.5,Ubuntu,12.04
215,2.7,macOS,10.13.1
214,3.6,SLES,11.4
212,3.5,Linux Mint,18.2
211,3.6,Pop!_OS,18.10
206,3.6,macOS,10.10.5
205,2.7,debian,8.4
202,3.6,Fedora,23
198,3.6,VMware Photon OS,3.0
197,3.6,Zorin OS,15
196,3.5,debian,8.11
196,3.7,macOS,10.13
195,3.6,Linux Mint,18.2
195,3.6,Amazon Linux,2.0
193,3.5,macOS,10.14
193,3.6,Scientific,6.10
192,3.7,Pop!_OS,18.04
190,2.7,KDE neon,18.04
183,3.7,Gentoo,2.6
183,3.6,Alpine Linux,3.9.4
182,2.7,macOS,10.13.2
182,3.6,Alpine Linux,3.8.1
180,2.7,Linux Mint,19.2
178,3.6,Red Hat Enterprise Linux Workstation,7.5
177,2.6,CentOS Linux,7
176,3.5,OS X,10.14.5
176,3.7,macOS,10.9.5
175,3.5,Deepin,15.10.2
175,3.6,Pop!_OS,19.04
174,2.7,Kali GNU/Linux,2019.3
171,3.7,Scientific Linux,7.6
167,2.7,RedHatEnterpriseServer,6.9
165,2.7,openSUSE Leap,15.1
165,2.7,Debian GNU/Linux,testing
165,2.7,Linux Mint,18.2
163,3.5,Ubuntu,17.04
162,3.5,Scientific Linux,7.4
162,3.6,DGX OS,18.04
161,3.7,macOS,10.12.4
159,3.7,Fedora,28
159,2.7,Pop!_OS,18.04
157,3.7,Linux Mint,18.1
155,2.7,Amazon Linux AMI,2015.03
154,3.5,macOS,10.14.2
152,3.5,debian,buster/sid
152,3.6,SLES,15
152,3.7,RedHatEnterpriseServer,6.10
151,2.7,Oracle Linux Server,7.4
150,2.7,Alpine Linux,3.7.0
150,3.5,Ubuntu,10.04
149,3.6,Ubuntu,12.04
149,2.7,Tencent tlinux,2.2
149,3.7,Pengwin,10
148,3.7,Arch Linux,2019.1.20
147,3.6,macOS,10.12.5
141,3.7,Deepin,15.11
141,2.7,SLES,12.3
140,2.7,SLES,12.4
140,3.6,Gentoo,2019073101
139,3.6,Deepin,15.10.2
137,2.7,Red Hat Enterprise Linux Workstation,7.5
137,3.4,Amazon Linux AMI,2016.03
136,3.7,Ubuntu,17.04
135,3.7,Slackware,14.2
135,2.7,CentOS,6.7
132,3.7,Linux Mint,19.2
131,3.8,Ubuntu,18.04
127,3.7,Kali GNU/Linux,2018.4
126,3.6,openSUSE Leap,42.3
125,3.7,Linux Mint,18.2
124,3.7,Anarchy Linux,
123,2.7,Ubuntu,17.04
123,3.6,Deepin,15.11
123,2.7,CentOS,6.4
122,2.7,Oracle Linux Server,7.5
122,3.7,Debian GNU/Linux,stable-updates
121,3.6,Kali GNU/Linux,2019.1
120,2.7,Alpine Linux,3.7.3
119,3.7,Exherbo,
119,3.7,CentOS,6.5
118,3.7,openSUSE Tumbleweed,20190708
117,2.7,Parrot GNU/Linux,4.7
117,2.7,ScientificCERNSLC,6.9
117,3.5,elementary OS,0.4.1
116,2.7,Linux Mint,18
115,2.7,CentOS,6.3
114,3.6,Amazon Linux AMI,2015.09
114,3.6,SLES,12.2
112,3.7,Freedesktop.org,18.08.33
112,3.6,Scientific,6.9
112,3.7,macOS,10.12
111,3.4,macOS,10.13.3
110,3.5,Devuan GNU/Linux,2.0
109,3.7,openSUSE Tumbleweed,20190730
108,3.6,elementary OS,0.4.1
108,3.7,Red Hat Enterprise Linux Server,7.3
107,3.5,Linux Mint,18
106,3.6,Debian GNU/Linux,testing
103,2.7,Ubuntu,15.10
103,3.7,CentOS,6.7
102,2.7,Kali GNU/Linux,2019.1
102,2.7,Fedora,26
101,2.6,Amazon Linux AMI,2018.03
101,3.6,Ubuntu,10.04
101,2.7,Alpine Linux,3.10.1
100,3.7,Red Hat Enterprise Linux Workstation,7.3
100,2.7,macOS,10.9.5
99,3.6,Ubuntu,19.10
99,2.7,macOS,10.13
99,3.6,RedHatEnterpriseServer,6.9
99,3.6,debian,9.9
98,3.5,Linux Mint,19.1
98,2.7,Gentoo,2.6
98,2.7,Red Hat Enterprise Linux Workstation,7.4
98,3.7,Red Hat Enterprise Linux Server,5.3
98,3.7,macOS,10.12.3
98,3.7,Arch Linux ARM,
97,2.7,macOS,10.12.5
95,3.5,LinuxMint,18.2
95,3.6,Red Hat Enterprise Linux Server,7.2
94,3.7,Alibaba Group Enterprise Linux Server,7.2
94,2.7,Alpine Linux,3.9.4
94,3.7,LMDE,3
93,2.7,debian,8.6
93,2.7,debian,buster/sid
93,2.7,Vecima Reference Distribution,2.3
92,3.5,Amazon Linux AMI,2015.09
92,3.6,Gentoo,2019071101
92,3.6,CentOS Linux,7.2.1511
92,3.7,Deepin,15.10.1
91,2.7,Linux Mint,18.1
90,3.6,ScientificCERNSLC,6.10
90,2.7,macOS,10.12.3
89,2.7,LinuxMint,18.3
89,3.5,Manjaro Linux,18.0.4
88,3.4,Debian GNU/Linux,7
88,2.7,Raspbian GNU/Linux,9
88,3.5,Arch Linux,
88,2.6,CentOS,6.9
87,2.7,debian,8.5
87,3.7,Amazon Linux AMI,2015.09
87,2.7,Deepin,15.11
87,3.5,Ubuntu Kylin,16.04
86,3.6,RedHatEnterpriseServer,6.7
86,3.6,Oracle Linux Server,7.5
86,2.7,Zorin OS,15
86,2.7,Ubuntu,19.10
85,3.7,macOS,10.11.4
85,3.7,openSUSE Tumbleweed,20190704
84,3.7,CentOS,6.6
84,3.4,macOS,10.13.6
83,3.6,Deepin,15.10.1
82,2.7,CentOS Linux,7.1.1503
82,3.5,LinuxMint,18.1
81,3.5,CentOS,6.6
81,3.7,Red Hat Enterprise Linux,8.0
81,3.6,macOS,10.12.4
81,2.7,debian,8.11
80,3.7,SLES,12.3
80,3.7,elementary OS,0.4.1
79,3.7,Fedora,27
79,3.6,Linux Mint,18
78,2.7,Red Hat Enterprise Linux Server,5.3
78,3.7,Ubuntu,17.10
78,2.7,Ubuntu Kylin,16.04
78,3.7,Clear Linux OS,30650
78,2.7,Slackware,14.2
77,2.7,Deepin,15.10.2
77,3.5,Fedora,27
77,3.6,Red Hat Enterprise Linux Server,7.7
77,3.5,Red Hat Enterprise Linux Server,7.2
77,3.6,CentOS,6.3
76,3.7,Debian GNU/Linux,testing/unstable
76,3.7,macOS,10.12.2
75,3.7,Red Hat Enterprise Linux Server,7.2
75,2.7,macOS,10.12.4
74,3.5,LMDE,3
74,3.5,Red Hat Enterprise Linux Server,7.3
73,3.7,CentOS,6.8
73,3.5,macOS,10.14.1
73,3.7,Deepin,15.10.2
73,3.7,Linux Mint,18
72,3.7,Zorin OS,15
72,3.6,Scientific Linux,7.4
72,3.6,RedHatEnterpriseServer,6.5
71,3.7,Fedora,25
69,3.6,Alpine Linux,3.7.0
69,3.6,GalliumOS,3.0
68,3.6,Ubuntu,17.04
68,3.5,Ubuntu,16.10
67,2.7,Scientific Linux CERN SLC,6.10
67,2.7,Deepin,15.10.1
66,3.5,macOS,10.13.4
66,3.5,Fedora,30
66,3.7,Pop!_OS,18.10
66,3.5,debian,8.6
65,3.5,Linux Mint,19
65,3.7,Ubuntu,12.04
65,3.6,Deepin,15.9
65,3.5,macOS,10.15
64,3.5,Ubuntu,18.10
64,2.7,nsoslx,1.0
64,3.5,CentOS Linux,7.4.1708
64,2.7,elementary OS,0.4.1
63,3.5,LinuxMint,18
63,2.7,debian,9.9
63,3.7,Alpine Linux,3.9.0
63,3.6,Scientific Linux,7.3
63,3.4,CentOS,6.7
62,3.7,Clear Linux OS,30500
62,3.6,Kali GNU/Linux,2019.2
62,3.7,Clear Linux OS,30170
62,3.7,openSUSE Tumbleweed,20190726
62,3.6,Oracle Linux Server,6.10
62,3.7,Tencent tlinux,2.2
62,3.5,CentOS,6.5
61,3.4,RedHatEnterpriseServer,6.9
61,3.4,macOS,10.12.6
60,3.6,Red Hat Enterprise Linux Workstation,7.3
60,2.7,Debian GNU/Linux,stable-updates
60,3.7,Debian,6.0.10
60,3.7,openSUSE Leap,15.0
59,3.5,"""elementary""",0.4.1
59,3.5,debian,8.5
59,3.6,Red Hat Enterprise Linux Workstation,7.4
59,2.7,OS X,10.14.5
59,3.5,OS X,10.13.6
59,3.6,SLES,12.4
58,3.7,openSUSE Tumbleweed,20190721
58,2.7,RedHatEnterpriseServer,6.8
57,2.7,Kali GNU/Linux,2018.4
57,3.7,Fedora,31
57,3.6,macOS,10.13
57,3.6,macOS,10.12.2
56,2.7,LMDE,3
56,3.5,Fedora,29
56,3.6,macOS,10.12.3
55,2.7,Red Hat Enterprise Linux Server,6.10
55,3.7,Antergos Linux,19.4
55,3.7,openSUSE Leap,15.1
55,3.7,openSUSE Tumbleweed,20190723
54,3.6,Antergos Linux,
54,3.7,macOS,10.12.1
54,3.6,Oracle Linux Server,7.4
54,3.7,Clear Linux OS,30340
53,3.8,,
53,3.6,Oracle Linux Server,7.2
53,3.7,Manjaro Linux,18.0.3
53,3.5,Arch Linux,rolling
53,3.8,macOS,10.14.5
53,3.6,RedHatEnterpriseServer,6.6
53,3.7,Kali GNU/Linux,2018.3
52,3.6,Ubuntu Kylin,16.04
52,3.7,Solus,4.0
52,2.7,Pop!_OS,18.10
52,3.5,CentOS,6.7
52,3.6,Scientific Linux,7.5
52,3.6,Nest,6.9
51,2.7,macOS,10.11.5
51,3.7,RedHatEnterpriseServer,6.7
50,2.7,macOS,10.12.1
50,3.5,Alpine Linux,3.10.1
50,3.7,Parrot GNU/Linux,4.6
49,2.7,Fedora,20
49,3.6,macOS,10.11.5
48,3.6,RedHatEnterpriseServer,6.8
48,3.4,macOS,10.14.5
48,3.6,Fedora,31
47,3.7,Debian GNU/Linux,9.9
47,3.4,CentOS Linux,7.6.1810
47,3.6,Ubuntu,15.10
47,3.6,Exherbo,
47,3.7,macOS,10.11.5
47,3.7,Mageia,7
47,3.5,Debian GNU/Linux,
46,3.6,Raspbian GNU/Linux,9
46,3.4,macOS,10.14.3
46,2.7,macOS,10.12
46,3.7,NixOS,19.03.173068.9ec7625cee5
46,2.7,debian,9.8
46,3.6,Fedora,17
46,2.7,DGX OS,18.04
46,3.5,RedHatEnterpriseServer,6.10
46,3.6,Debian GNU/Linux,oldstable-updates
46,3.6,macOS,10.12
45,3.5,macOS,10.11.5
45,2.7,Red Hat Enterprise Linux Workstation,7.3
45,2.7,Scientific,6.10
45,3.5,Alibaba Group Enterprise Linux Server,7.2
44,2.7,SLES,12.2
44,3.4,CentOS,6.9
44,3.4,Alpine Linux,3.10.0
44,3.6,Gentoo,2019071601
44,3.5,Oracle Linux Server,7.6
44,2.7,Parrot GNU/Linux,4.6
44,3.8,Alpine Linux,3.9.3
44,2.7,macOS,10.11.2
44,3.6,CentOS,6.4
44,3.5,CentOS Linux,7.3.1611
43,2.7,RedHatEnterpriseServer,6.7
43,3.7,openSUSE Leap,42.3
42,3.5,CentOS Linux,7.2.1511
42,2.7,Nest,6.9
42,3.7,Manjaro Linux,18.0.2
42,3.7,Ubuntu,10.04
42,3.5,openSUSE Leap,42.3
42,3.7,openSUSE Tumbleweed,20190724
42,3.6,Kali GNU/Linux,2018.1
42,2.7,Kali GNU/Linux,2018.1
41,3.7,VMware Photon OS,3.0
41,3.6,Peppermint,10
41,2.7,Scientific Linux,7.4
41,3.6,RedHatEnterpriseServer,6.4
40,3.7,PureOS,8
40,3.6,ScientificCERNSLC,6.9
40,3.5,CentOS Linux,7.5.1804
39,3.6,macOS,10.9.5
39,3.7,Fedora,26
39,3.5,Debian GNU/Linux,oldstable-updates
39,3.5,OS X,10.14.6
38,2.7,RedHatEnterpriseServer,6.5
38,2.7,SLES,15
38,3.5,Debian GNU/Linux,testing
38,3.6,Springdale Linux,7.6
38,2.7,Debian GNU/Linux,unstable
38,3.6,Ubuntu,16.10
37,3.6,EulerOS,2.0
37,3.5,Raspbian GNU/Linux,10
37,3.7,BunsenLabs GNU/Linux,9.8
37,3.6,Ubuntu Kylin,18.04
36,3.7,Scientific Linux,7.4
36,3.4,Red Hat Enterprise Linux Server,7.5
36,3.7,Debian GNU/Linux,10.0
36,2.7,OS X,10.13.6
36,3.6,CentOS,6.2
35,3.4,CentOS Linux,7.5.1804
35,3.6,Fedora,24
35,3.7,macOS,10.11.1
35,2.7,Alpine Linux,3.8.4
35,3.7,macOS,10.11.3
35,3.6,LinuxMint,18.3
35,3.6,openSUSE Tumbleweed,20190219
34,3.7,Debian GNU/Linux,oldstable-updates
34,3.5,macOS,10.10.5
34,2.7,macOS,10.11
34,3.7,Alpine Linux,3.7.1
34,2.7,Fedora,19
34,3.7,Manjaro Linux,18.1.0-rc1
34,3.6,VMware Photon OS,2.0
34,3.7,Ubuntu Kylin,19.04
33,3.5,RedHatEnterpriseServer,6.4
33,2.7,Kali GNU/Linux,2018.2
32,2.7,Solus,4.0
32,3.7,Amazon Linux AMI,2016.09
32,3.6,Scientific Linux,7.2
32,2.7,debian,8.3
32,3.5,Fedora,20
31,2.7,Fedora,24
31,3.5,Mageia,6
31,2.7,DGX OS,16.04
31,3.7,NixOS,19.09pre-git
31,3.7,OS X,10.14.5
31,3.7,Arch Linux,v19.06.1
31,2.7,LinuxMint,18.2
30,3.4,Red Hat Enterprise Linux Server,7.6
30,2.7,Red Hat Enterprise Linux Server,7.1
30,3.7,Debian GNU/Linux,7
30,3.5,Alpine Linux,3.10.0
30,3.8,Ubuntu,19.04
30,3.7,Linux Mint LMDE,2
30,3.5,macOS,10.13.5
29,3.6,Gentoo,2019080301
29,3.6,Antergos Linux,rolling
29,2.7,RedHatEnterpriseServer,6.6
29,3.6,Deepin,15.7
29,3.4,Amazon Linux AMI,2016.09
29,3.5,Scientific Linux,7.6
29,2.7,Scientific Linux,7.5
29,3.6,RedHatEnterpriseWorkstation,6.10
29,3.5,macOS,10.13.2
29,3.6,openSUSE,13.2
29,3.7,RedHatEnterpriseServer,6.6
29,2.7,Deepin,15.9
29,3.6,SUSE LINUX,11
28,2.7,macOS,10.11.3
28,3.7,DGX OS,16.04
28,2.7,openSUSE Leap,42.2
28,3.6,Scientific,6.4
28,3.7,openSUSE Tumbleweed,20190718
28,3.7,Freedesktop.org,18.08
28,2.7,Fedora,23
28,3.6,OS X,10.14.5
27,3.7,Red Hat Enterprise Linux Workstation,7.2
27,2.7,Antergos Linux,
27,3.7,RedHatEnterpriseServer,6.9
27,3.4,Amazon Linux,2
27,2.7,Alpine Linux,3.7.1
27,3.7,SLES,15
27,3.5,Gentoo,2.6
27,3.7,openSUSE Tumbleweed,20190703
27,2.7,Debian GNU/Linux,testing/unstable
27,2.7,macOS,10.11.1
27,3.7,SLES,12.2
26,3.6,Kali GNU/Linux,2018.2
26,3.7,SLES,11.4
26,3.6,SLES,15.1
26,2.7,macOS,10.12.2
26,3.7,RedHatEnterpriseServer,6.5
26,3.5,SLES,12.3
26,3.7,Arch Linux,2018.12.17
26,3.5,elementary OS,5.0
26,2.7,RedHatEnterpriseWorkstation,6.10
26,3.5,BunsenLabs GNU/Linux,9.8
25,2.7,SUSE LINUX,11
25,3.5,macOS,10.12.4
25,3.7,CentOS,6.3
25,3.5,CentOS,6.3
25,3.7,Scientific,6.10
25,3.5,macOS,10.12.5
25,3.7,Manjaro Linux,
25,3.6,debian,jessie/sid
25,3.7,Springdale Linux,7.6
24,3.5,Astra Linux (Smolensk),1.6
24,2.7,OS X,10.11.6
24,3.7,GalliumOS,3.0
24,2.7,ScientificCERNSLC,6.10
24,3.6,Peppermint,9
24,3.5,CentOS,6.4
24,3.4,Linux Mint,19.1
24,3.6,Slackware,14.2
24,3.5,DGX OS,18.04
24,3.5,Zorin OS,12
24,2.7,openSUSE Leap,42.1
23,3.5,AIMS Desktop GNU/Linux,oldstable-updates
23,2.7,EulerOS,2.0
23,3.6,Deepin,15.8
23,3.5,Tencent tlinux,2.2
23,3.6,Scientific Linux,6.10
23,3.6,GridOS,26
23,3.4,Arch Linux,
23,3.6,macOS,10.12.1
23,3.7,Red Hat Enterprise Linux Server,6.6
23,3.7,openSUSE Tumbleweed,20190516
22,3.6,Korora,25
22,3.7,stockholm/NixOS,19.06.git.1cfc265b-dirty@brauerei/19.03.git.d77e3bd
22,2.6,CentOS,6.10
22,3.7,NixOS,19.03.172655.705986f5a98
22,3.5,Red Hat Enterprise Linux Server,6.10
22,3.7,NixOS,19.09pre184359.73392e79aa6
22,3.4,Red Hat Enterprise Linux Workstation,7.5
22,3.5,Deepin,15.10
22,3.7,Clear Linux OS,30400
22,3.6,NixOS,19.03pre173063.10a866602cd
22,2.7,debian,10.0
22,2.7,Scientific Linux,7.3
22,3.6,Kali GNU/Linux,2018.4
22,3.5,Arch Linux,2019.1.20
22,3.7,openSUSE Tumbleweed,20190805
22,3.6,Debian GNU/Linux,7
22,3.4,Linaro,14.04
22,3.7,stockholm/NixOS,unknown/19.03.172979.8634c3b6199
22,3.7,macOS,10.11
22,3.7,Clear Linux OS,29620
22,2.7,void,rolling
22,3.7,NixOS,18.09.2532.571b40d3f50
22,3.8,Debian GNU/Linux,9
22,2.7,SLES,11.4
21,3.5,OS X,10.14.4
21,3.6,Fedora,25
21,3.5,Oracle Linux Server,6.10
21,2.7,Ubuntu Kylin,19.04
21,2.7,Peppermint,10
21,3.5,Zorin,12
21,2.7,Freedesktop.org,18.08.34
21,2.7,LinuxMint,18
21,3.6,Oracle Linux Server,8.0
21,3.5,Red Hat Enterprise Linux Workstation,7.4
21,3.6,debian,buster/sid
21,3.5,OS X,10.12.6
21,2.7,LinuxMint,18.1
21,2.7,macOS,10.11.4
21,3.7,Scientific Linux,7.5
20,3.7,EulerOS,2.0
20,3.6,Oracle Linux Server,6.9
20,3.7,RedHatEnterpriseServer,6.8
20,3.7,Fedora,15
20,2.7,Red Hat Enterprise Linux Server,7.7
20,3.6,SLES,12.1
20,2.7,Kali GNU/Linux,2018.3
19,3.7,Pengwin,
19,3.6,macOS,10.11.4
19,3.7,Clear Linux OS,30380
19,3.6,RedHatEnterpriseWorkstation,6.8
19,3.7,openSUSE Tumbleweed,20190628
19,3.7,Arch Linux,18.0.4
19,3.7,Fedora,11
19,3.7,openSUSE Tumbleweed,20190614
19,2.7,Red Hat Enterprise Linux,8.1
19,3.7,RedHatEnterpriseWorkstation,6.10
19,3.5,Alpine Linux,3.7.0
18,3.7,Pengwin,10.0
18,3.7,Manjaro Linux,18.1.0-rc5
18,3.6,Scientific,6.7
18,3.7,SUSE LINUX,11
18,3.7,openSUSE Tumbleweed,20190713
18,2.7,Oracle Linux Server,7.3
18,2.7,GalliumOS,3.0
18,2.7,VMware Photon OS,2.0
18,2.7,Oracle Linux Server,7.2
18,3.7,macOS,10.15.1
18,3.7,Oracle Linux Server,7.5
18,3.6,macOS,10.11.3
17,3.7,Oracle Linux Server,7.4
17,2.7,CentOS,6.2
17,3.7,Deepin,15.9.2
17,3.7,Alpine Linux,3.4.0
17,3.4,macOS,10.11.6
17,2.7,Debian GNU/Linux,oldstable-updates
17,3.4,RedHatEnterpriseServer,6.10
17,3.7,Manjaro Linux,18.0.4-19153
17,3.7,EndeavourOS,rolling
17,3.7,Pengwin,testing
17,3.5,debian,9.8
17,3.5,Fedora,24
17,3.7,Oracle Linux Server,6.10
17,3.4,Red Hat Enterprise Linux Server,7.4
16,3.7,Arch Linux,v19.02.4
16,3.7,Debian GNU/Linux,8.11
16,3.7,debian,buster/sid
16,3.7,Ubuntu Kylin,16.04
16,2.7,Exherbo,
16,3.5,ubilinux,4
16,3.6,RedHatEnterpriseServer,6.3
16,3.6,macOS,10.10.4
16,3.6,RedHatEnterpriseWorkstation,6.7
16,3.6,Alpine Linux,3.7.1
16,3.5,RedHatEnterpriseServer,6.6
16,2.7,AIMS Desktop GNU/Linux,oldstable-updates
16,3.7,Red Hat Enterprise Linux Server,6.10
15,3.6,Raspbian GNU/Linux,10
15,3.6,Debian GNU/Linux,testing/unstable
15,3.7,NixOS,19.09pre187466.4e8a8a13ef6
15,3.7,DGX OS,18.04
15,3.7,openSUSE Tumbleweed,20190716
15,3.7,Clear Linux OS,30580
15,2.7,Springdale Linux,7.6
15,3.6,Chakra,2019.03
15,2.7,macOS,10.15.1
15,3.6,Arch Linux,2018.12.17
15,3.7,XBian,1.0
15,3.5,Debian GNU/Linux,testing/unstable
15,3.7,Deepin,15.10
15,3.7,macOS,10.10.3
15,3.5,OS X,10.11.6
15,3.7,NixOS,19.09.git.b5f5c97
15,3.5,OS X,10.14.3
15,3.4,Debian GNU/Linux,
15,3.7,macOS,10.11.2
15,3.7,CentOS,6.4
15,3.5,Ubuntu,17.10
15,3.6,LinuxMint,18.2
15,3.8,macOS,10.14
14,3.5,macOS,10.13
14,3.5,Pop!_OS,19.04
14,2.7,macOS,10.7.5
14,3.5,macOS,10.13.1
14,2.7,Fedora,21
14,3.8,macOS,10.14.6
14,3.7,Kali GNU/Linux,2018.2
14,2.7,CentOS Linux,7.0.1406
14,2.7,Scientific Linux,7.2
14,3.5,debian,7.4
14,3.8,Ubuntu,16.04
14,3.7,OS X,10.13.6
14,2.7,Microsoft Azure Mariner OS,3.0
14,3.7,RedHatEnterpriseServer,6.4
14,2.7,Ubuntu Core,16
14,3.5,Oracle Linux Server,7.4
14,3.6,Red Hat Enterprise Linux Server,6.9
14,3.6,Fedora,21
13,3.6,RedHatEnterpriseWorkstation,6.5
13,2.7,BOSS GNU/Linux,6
13,3.6,RedHatEnterpriseWorkstation,6.9
13,3.6,Scientific,6.8
13,3.6,Ubuntu,15.04
13,3.6,RedHatEnterpriseClient,6.7
13,3.7,Red Hat Enterprise Linux Workstation,7.4
13,2.7,openSUSE Tumbleweed,20190730
13,3.5,RedHatEnterpriseServer,6.2
13,3.6,DGX OS,16.04
13,3.5,GalliumOS,2.1
13,2.7,OS X,10.14.3
13,3.7,Red Hat Enterprise Linux Server,7.1
13,3.7,openSUSE Tumbleweed,20190717
13,2.6,CentOS,6.8
13,3.6,Deepin,15.9.3
13,3.6,SLES,12
13,2.7,Zorin,12
13,3.7,ArcoLinux,v19.07.11
12,2.7,Antergos Linux,rolling
12,2.7,Generic,25
12,3.6,Gentoo,2018101601
12,2.7,Ubuntu Kylin,18.04
12,3.6,Clear Linux OS,29940
12,3.5,Red Hat Enterprise Linux Workstation,7.6
12,2.7,openSUSE,13.2
12,3.5,macOS,10.12
12,3.7,Freedesktop.org,18.08.32
12,3.6,Kali GNU/Linux,2019.3
12,3.7,LinuxMint,18.3
12,3.6,Debian GNU/Linux,unstable
12,3.7,SLES,12.4
12,3.7,macOS,10.7.5
12,3.5,Ubuntu,15.10
12,2.7,SLES,12
11,3.6,RedHatEnterpriseWorkstation,6.4
11,3.6,Gentoo,2.4.1
11,3.6,LMDE,3
11,3.6,Amazon Linux AMI,2015.03
11,3.5,Debian GNU/Linux,stable-updates
11,3.6,debian,8.11
11,3.7,Fedora,20
11,3.5,RedHatEnterpriseServer,6.7
11,2.7,Devuan GNU/Linux,2.0
11,3.7,Alpine Linux,3.8.4
11,3.7,CentOS,7.6.1810
11,3.6,Red Hat Enterprise Linux Server,7.1
11,2.7,Deepin,15.7
11,2.7,Debian GNU/Linux,9.1
11,3.6,Red Hat Enterprise Linux Server,6.5
11,3.7,Zorin OS,12
11,2.7,OS X,10.14.4
11,3.5,RedHatEnterpriseServer,6.5
11,3.6,Red Hat Enterprise Linux Server,6.7
10,3.6,macOS,10.11.1
10,3.7,Clear Linux OS,30550
10,2.7,Ubuntu,14.10
10,3.5,Pop!_OS,18.04
10,3.7,Parrot GNU/Linux,4.4
10,3.6,PCLinuxOS,2019
10,3.7,macOS,10.10.2
10,2.7,macOS,10.8.5
10,2.7,GalliumOS,2.1
10,3.5,SUSE LINUX,11
10,3.7,CentOS,6.2
10,3.5,RedHatEnterpriseServer,6.9
10,2.7,Parrot GNU/Linux,4.1
10,3.5,macOS,10.12.3
10,3.6,Deepin,15.9.2
10,3.7,Scientific Linux,7.3
10,2.7,Fedora,22
10,3.7,macOS,10.10.4
10,3.5,QTS,4.3.6
10,3.7,Manjaro Linux,17.1.12
10,2.7,Deepin,15.10
10,2.7,openSUSE Tumbleweed,20190708
10,3.6,debian,stretch/sid
10,2.7,Freedesktop.org,18.08.33
10,3.7,Clear Linux OS,30450
10,2.7,OS X,10.12.6
9,2.7,Kali GNU/Linux,2016.1
9,3.5,debian,8.7
9,2.7,Trisquel GNU/Linux,7.0
9,3.6,OracleServer,6.5
9,2.7,Zorin OS,12
9,3.6,Ubuntu Kylin,17.10
9,3.6,Deepin,15.10
9,2.7,Parrot GNU/Linux,4.5
9,2.7,macOS,10.10.3
9,3.7,Fedora,23
9,3.6,Red Hat Enterprise Linux Client,7.6
9,2.7,Trisquel GNU/Linux,8.0
9,2.7,BunsenLabs GNU/Linux,9.8
9,2.7,Kali GNU/Linux,2017.1
9,3.6,Red Hat Enterprise Linux Server,7.0
9,3.7,Scientific Linux,7.2
9,3.4,Debian GNU/Linux,10
9,3.5,Kylin,4.0.2
9,3.5,Scientific,6.10
9,3.7,Clear Linux OS,30670
9,3.4,CentOS Linux,7.4.1708
9,3.6,macOS,10.11
9,3.7,Manjaro Linux,18.0
9,3.5,OS X,10.13.4
9,2.7,Red Hat Enterprise Linux Server,6.9
9,3.7,macOS,10.8.5
9,3.7,Kali GNU/Linux,2018.1
9,2.7,macOS,10.10.2
9,2.7,GridOS,26
9,2.7,Debian GNU/Linux,10.0
9,2.7,Feren OS,18.04
9,3.5,Fedora,28
9,2.7,BOSS GNU/Linux,7
9,3.7,debian,9.5
9,3.7,macOS,10.10
9,3.5,Red Hat Enterprise Linux Workstation,7.5
9,2.7,Alpine Linux,3.9.0
9,3.5,BOSS GNU/Linux,7
8,2.7,Red Hat Enterprise Linux Client,7.6
8,2.7,Kali GNU/Linux,2017.2
8,2.7,Puppy,8.0
8,3.5,Antergos Linux,
8,3.5,DGX OS,16.04
8,3.7,Oracle Linux Server,7.3
8,2.7,Aliyun,6
8,3.5,Red Hat Enterprise Linux Server,5.3
8,3.7,ArchBang Linux,rolling
8,3.5,macOS,10.9.5
8,3.7,Generic,29
8,3.7,Antergos Linux,19.1
8,3.6,macOS,10.11.2
8,2.7,Peppermint,9
8,3.6,Linux Mint,18.04
8,3.6,macOS,10.10.3
8,3.7,Arch Linux,v19.05.2
8,2.7,Red Hat Enterprise Linux Server,6.5
8,2.7,Red Hat Enterprise Linux Workstation,7.2
8,2.7,Acronis Cyber Infrastructure,2
8,3.5,Gentoo,2.4.1
8,2.7,RedHatEnterpriseServer,6.4
8,3.6,Red Hat Enterprise Linux Server,6.8
8,3.7,n/a,n/a
8,2.7,openSUSE Tumbleweed,20190704
8,3.7,Artix,rolling
7,2.7,Sailfish OS,3.0.3.9
7,2.7,OS X,10.14
7,3.7,Arch Linux,v19.04.4
7,3.4,RedHatEnterpriseServer,6.8
7,2.7,ScientificFermi,6.10
7,3.6,macOS,10.7.5
7,3.7,debian,stretch/sid
7,3.6,Debian GNU/Linux,rodete
7,3.6,Feren OS,18.04
7,2.7,openSUSE,13.1
7,3.5,OS X,10.14.1
7,3.5,Red Hat Enterprise Linux Server,6.7
7,3.7,Ubuntu,15.04
7,3.6,macOS,10.10
7,2.7,PureOS,8
7,3.6,Red Hat Enterprise Linux Workstation,7.2
7,3.5,debian,8.9
7,3.6,Deepin,15.9.1
7,3.5,OS X,10.14.2
7,3.7,Porteus,5.0
7,3.5,Astra Linux (Orel),2.12.14
7,2.7,CentOS,4.3
7,3.5,ROSA Desktop Fresh R11,2016.1
7,3.5,OS X,10.14
7,3.7,Debian GNU/Linux,9.7
7,2.7,openSUSE,12.3
7,3.7,Arch Linux,n/a
7,2.7,Debian GNU/Linux,rodete
7,3.6,Oracle Linux Server,7.3
7,3.5,Pardus GNU/Linux,17.5
7,3.6,macOS,10.15.1
7,3.7,openSUSE,13.2
7,2.7,Red Hat Enterprise Linux Server,6.6
7,3.7,Scientific,6.7
7,3.7,RedHatEnterpriseWorkstation,6.8
7,3.7,Deepin,15.9
7,3.6,Generic,28
7,3.6,CentOS Linux,6.2
7,2.7,RFRemix,29
7,3.6,Zorin OS,12
7,3.4,CentOS,6.8
7,2.7,CentOS Linux,6.2
7,3.5,Trisquel GNU/Linux,8.0
7,3.4,Scientific,6.10
7,3.6,ScientificFermi,6.10
7,2.7,Scientific Linux,6.10
7,3.6,RED OS,7.2
7,3.5,Red Hat Enterprise Linux Server,6.9
7,3.4,macOS,10.14.6
6,3.7,Fedora,24
6,3.5,meta-intel-ese Reference Distro,1.0
6,3.5,Alpine Linux,3.6.2
6,3.7,GNOME,master
6,3.7,macOS,10.10.1
6,3.6,Manjaro Linux,17.1.4
6,3.7,Pardus GNU/Linux,17.5
6,2.7,RedHatEnterpriseWorkstation,6.6
6,3.6,Slackware,14.1
6,3.7,Scientific Linux,6.10
6,3.7,RFRemix,29
6,3.7,RedHatEnterpriseWorkstation,6.6
6,3.7,Devuan GNU/Linux,2.0
6,3.4,OS X,10.14.5
6,3.7,GalliumOS,2.1
6,3.5,macOS,10.12.2
6,3.6,macOS,10.6.8
6,3.7,Parabola,rolling
6,3.5,CentOS Linux,7.2
6,2.7,OS X,10.14.2
6,3.5,OS X,10.10.5
6,3.7,Arch Linux 32,32
6,3.7,Devuan GNU/Linux,10
6,3.5,Slackware,14.2
6,3.7,Scientific,6.9
6,3.6,ViettelOS,1.0
6,3.5,Alibaba Group Enterprise Linux Server,6.2
6,3.7,RedHatEnterpriseWorkstation,6.5
6,3.6,Kali GNU/Linux,2017.3
6,3.7,Trisquel GNU/Linux,8.0
6,3.7,Clear Linux OS,30210
6,3.7,Clear Linux OS,30040
6,3.5,Poky (Yocto Project Reference Distro),2.0.3
6,3.6,Gentoo,n/a
6,3.5,Deepin,15.5 SP2
6,2.7,RedHawk Linux,7.5
6,3.6,RedHatEnterpriseComputeNode,6.5
6,2.7,Scientific,6.6
6,3.7,Generic,30
6,3.7,void,rolling
6,3.7,SparkyLinux,5.8
6,2.7,Kylin,4.0.2
6,2.7,"""elementary""",0.4.1
6,3.7,debian,10.0
6,3.6,CentOS Linux,7.2
6,3.4,OS X,10.14.6
6,3.7,Clear Linux OS,30310
5,3.5,Cluster Manager v,7.1
5,2.7,HELiOS,6.9.1
5,3.6,Clear Linux OS,30500
5,3.7,Red Hat Enterprise Linux Server,7.0
5,3.7,AIMS Desktop GNU/Linux,oldstable-updates
5,2.7,OS X,10.14.1
5,3.5,Alpine Linux,3.5.0
5,2.7,OS X,10.14.6
5,3.5,macOS,10.11.4
5,3.6,openSUSE Leap,42.2
5,3.6,Sabayon,n/a
5,3.7,openSUSE Tumbleweed,20190623
5,3.5,Scientific,6.9
5,3.7,Scientific,6.5
5,2.7,Parrot GNU/Linux,4.4
5,3.6,Alpine Linux,3.6.5
5,3.7,LinuxMint,18
5,2.7,PisiLinux,2.1.1
5,3.5,SparkyLinux,4
5,3.7,openSUSE Tumbleweed,20190621
5,3.6,RedHatEnterpriseServer,5.3
5,3.4,Ubuntu,19.04
5,3.4,macOS,10.14.4
5,3.6,LinuxMint,18.1
5,3.6,Kali GNU/Linux,2018.3
5,3.6,Scientific,6.6
5,2.7,openSUSE Tumbleweed,20190726
5,3.7,Cluster Manager v,7.1
5,3.7,Clear Linux OS,29940
5,3.6,bullxServer,6.3
5,3.5,OracleServer,6.5
5,3.6,Amazon Linux AMI,2014.09
5,2.7,Debian GNU/Linux,9.9
5,3.7,Alpine Linux,3.6.5
5,3.5,"SUSE Linux Enterprise Server ",12
5,3.7,openSUSE Leap,42.2
5,3.6,TinyCore,10.1
5,2.7,Deepin,15.8
5,3.7,openSUSE,13.1
5,3.5,Kali GNU/Linux,2019.2
5,2.7,Oracle Linux Server,6.8
5,3.7,Manjaro Linux,n/a
5,3.6,NewStart NSDL,v3.2.4rc2.201905-zte
5,3.7,openSUSE Tumbleweed,20190701
5,3.7,Alpine Linux,3.8.0
5,2.7,RedHatEnterpriseWorkstation,6.9
5,3.4,CentOS,6.3
5,3.6,LinuxMint,18
5,3.7,Red Hat Enterprise Linux Atomic Host,7.4
5,3.7,Parrot GNU/Linux,4.5
5,3.5,SLES,12.2
5,3.7,Clear Linux OS,30330
5,3.7,KDE,5.12
5,3.7,Manjaro Linux,18.1.0-rc3
5,3.5,macOS,10.11.3
5,2.7,Slackware,14.1
5,2.7,IBM Platform HPC,4.2.0.1
5,2.7,RedHatEnterpriseClient,6.7
5,3.7,Clear Linux OS,30270
5,3.6,Arch Linux,v19.06.1
5,3.6,OS X,10.14
5,3.6,Calculate,
5,2.7,ScientificFermi,6.7
5,2.7,NAOqiOS,3.6.21
5,3.7,Kali GNU/Linux,2017.1
5,3.6,Manjaro Linux,18.0.2
5,3.5,Parabola,
5,2.7,Kali GNU/Linux,2016.2
5,3.6,RedHatEnterpriseServer,5.11
5,3.5,CentOS Linux,6.2
5,3.5,Alpine Linux,3.8.2
5,3.7,Chrome,75
5,3.5,SparkyLinux,5.8
5,3.5,SigintOS,1.1
5,2.7,openSUSE Tumbleweed,20190718
4,2.7,RedHatEnterpriseServer,6.2
4,3.7,Debian GNU/Linux,20190805-2a433fbd
4,3.5,RedHatEnterpriseComputeNode,6.9
4,3.7,OS X,10.14
4,3.6,macOS,10.8.5
4,3.7,Fedora,21
4,3.7,Archman,Archman - 2019.07
4,2.7,Gentoo,2.5.10.7
4,3.6,ALCS,alcs-4.34.1-LEON
4,2.7,Debian,rodete
4,3.7,ArcoLinuxD,v19.07.11
4,3.6,Zorin,12
4,2.7,openSUSE Tumbleweed,20190724
4,3.4,Red Hat Enterprise Linux Server,7.3
4,3.5,Debian GNU/Linux,17.5
4,2.7,Linux Mint LMDE,2
4,3.7,Clear Linux OS,30260
4,2.7,Astra Linux (Orel),2.12.13
4,3.5,Oracle Linux Server,7.5
4,3.6,Clear Linux OS,30210
4,3.6,openSUSE Tumbleweed,20170909
4,3.7,WLinux,
4,3.6,OracleServer,6.6
4,3.5,Debian GNU/Linux,unstable
4,3.7,Red Hat Enterprise Linux Server,6.5
4,3.6,Debian GNU/Linux,stable-updates
4,3.7,ALT,6.0.0
4,3.7,Manjaro Linux,18.1.0-rc4
4,3.7,Arch Linux,x86_64
4,3.5,Scientific Linux,7.5
4,3.6,Parrot GNU/Linux,4.7
4,2.7,Oracle Linux Server,6.9
4,3.6,Linux Server,
4,3.7,openSUSE Tumbleweed,20190514
4,2.7,macOS,10.10
4,3.6,Ubuntu Kylin,19.04
4,3.7,macOS,10.6.8
4,3.6,RedHatEnterpriseServer,6.2
4,3.5,openSUSE Leap,15.1
4,3.7,Apricity OS,rolling
4,2.7,Red Hat Enterprise Linux Server,6.8
4,3.7,Apple,19.04
4,2.7,debian,8.2
4,3.5,Red Hat Enterprise Linux Server,6.5
4,3.7,Antergos Linux,18.12
4,3.6,ScientificCERNSLC,6.5
4,3.6,Linux Mint LMDE,2
4,2.7,#CentOS,6.5
4,3.6,Oracle Linux Server,6.7
4,2.7,Fedora,31
4,3.6,Debian GNU/Linux,9.9
4,3.6,Mageia,6
4,3.7,SLED,12.2
4,3.6,OS X,10.13.6
4,3.4,macOS,10.13.4
4,3.6,Vine Linux,6.5
4,3.5,CentOS,5.4
4,3.7,openSUSE Tumbleweed,20190627
4,3.7,Scientific,6.4
4,3.7,RedHatEnterpriseServer,5.3
4,3.6,NixOS,19.03.172807.b2ec3b6db2b
4,2.7,Ubuntu,13.04
4,3.7,Oracle Linux Server,6.9
4,2.7,Red Hat Enterprise Linux Server,6.4
4,3.6,OS X,10.14.6
4,3.7,AIMS Desktop GNU/Linux,10.0
4,3.5,KDE neon,18.04
4,3.5,RedHatEnterpriseServer,6.8
4,3.7,openSUSE Tumbleweed,20190607
4,3.7,openSUSE Tumbleweed,20190630
4,3.7,Clear Linux OS,30620
4,2.7,openSUSE Tumbleweed,20190713
4,3.7,Clear Linux OS,29810
4,3.6,SLED,15.1
4,2.7,Scientific,6.7
4,3.5,Pop!_OS,18.10
4,3.6,KDE neon Plasma LTS,18.04
4,3.7,ArcoLinux,v19.07.9
4,2.7,RedHatEnterpriseServer,6.3
4,3.5,openSUSE Leap,15.0
4,3.7,ROSA Desktop Fresh R11,2016.1
4,3.7,Amazon Linux AMI,2015.03
4,2.7,Scientific,6.9
4,2.7,Gentoo,2.4.1
4,2.7,RedHatEnterpriseWorkstation,6.4
4,3.7,SLES,12.1
4,3.7,MarIuX64,2.0
4,3.7,Condres OS GNU/Linux,19.06
4,3.5,Scientific,6.6
4,3.6,GalliumOS,2.1
4,2.7,Red Hat Enterprise Linux Server,6.7
4,3.6,Fedora,12
4,2.7,Gentoo,2.2
4,3.7,OS X,10.14.6
4,3.7,SLED,15.1
4,3.6,Manjaro Linux,17.1.11
4,3.7,RedHatEnterpriseWorkstation,6.9
4,3.6,Clear Linux OS,30450
4,3.5,Alpine Linux,3.5.2
4,2.7,Generic,28
4,3.5,RedHatEnterpriseWorkstation,6.10
4,2.7,SparkyLinux,5.8
3,3.6,CentOS,5.4
3,3.7,Red Hat Enterprise Linux Client,7.6
3,3.6,PisiLinux,2.1.1
3,3.5,Kali GNU/Linux,2017.1
3,2.7,ScientificCERNSLC,6.8
3,3.6,Scientific,6.3
3,3.6,Clear Linux OS,30400
3,3.5,Peppermint,8
3,3.6,Devuan GNU/Linux,2.0
3,3.7,openSUSE Tumbleweed,20190702
3,3.5,"SUSE Linux Enterprise Server ",11
3,3.5,RedHatEnterpriseServer,6.3
3,3.7,KaOS,rolling
3,3.7,RedHatEnterpriseServer,6.3
3,3.6,openSUSE,13.1
3,2.7,Deepin,15.9.3
3,2.7,ScientificFermi,6.4
3,3.7,Debian GNU/Linux,20190731-64e1d0b3
3,3.6,Manjaro Linux,18.0-beta-2
3,3.5,macOS,10.11
3,3.7,ScientificFermi,6.10
3,3.5,RedHatEnterpriseWorkstation,6.7
3,3.5,NewStart NSDL,v3.1.201805(zte)
3,3.5,CentOS Linux,7.1.1503
3,3.7,MakuluLinux Flash,MakuluLinux-15
3,3.6,Tyco OS,15.1
3,3.6,Clear Linux OS,30340
3,3.7,Kali GNU/Linux,2016.1
3,3.6,OS X,10.14.2
3,3.7,OpenMandriva Lx,4.0
3,3.6,Alpine Linux,3.9.3
3,3.7,Puppy,8.0
3,3.7,Pardus GNU/Linux,19.0
3,3.7,Clear Linux OS,30300
3,2.7,Kali GNU/Linux,2.0
3,3.6,Puppy,19.03
3,3.5,SLES,12.4
3,3.6,SLED,15
3,3.6,HELiOS,7.6SP2
3,3.7,Deepin,15.8
3,3.5,Deepin,15.5
3,3.7,Arch Linux,18.04
3,3.6,NeoKylin Linux Advanced Server,V7Update4
3,3.6,Red Hat Enterprise Linux Atomic Host,7.4
3,3.7,CentOS,5.6
3,3.5,Red Hat Enterprise Linux Server,6.3
3,2.7,Generic,26
3,3.6,debian,9.8
3,2.7,Alpine Linux,3.8.1
3,3.7,Parabola,
3,2.7,OS X,10.13.4
3,2.7,Deepin,15.9.1
3,2.7,OS X,10.13.5
3,2.7,Kylin Linux,3
3,3.6,macOS,10.8.2
3,3.6,Astra Linux (Smolensk),1.6
3,3.7,BlackArch Linux,rolling
3,2.7,Pengwin,10
3,3.6,CentOS,5.5
3,3.5,HELiOS,6.6
3,2.7,Arch Linux,v19.06.1
3,3.5,debian,8.8
3,3.7,openSUSE Tumbleweed,20190306
3,3.6,Parrot GNU/Linux,4.1
3,3.7,BOSS GNU/Linux,7
3,3.6,Kali GNU/Linux,2017.2
3,3.6,Ephemeris service,20190802153830
3,3.7,Clear Linux OS,29510
3,2.7,SHMZ,6.6
3,3.5,Scientific Linux,6.6
3,3.7,openSUSE Tumbleweed,20190601
3,2.7,Springdale Linux,7.5
3,2.7,Clear Linux OS,30400
3,3.7,Red Hat Enterprise Linux Workstation,6.10
3,3.7,Deepin,15.9.3
3,3.5,Debian GNU/Linux,9.9
3,3.7,Red Hat Enterprise Linux Server,6.4
3,3.6,OS X,10.14.4
3,3.7,Manjaro Linux,17.1-dev
3,3.7,Clear Linux OS,30640
3,3.5,RedHatEnterpriseWorkstation,6.6
3,3.6,Calculate,18.12
3,3.6,Pop!_OS,17.10
3,3.5,SLES,12.1
3,3.7,SLES,12
3,2.7,Scientific,6.8
3,3.7,macOS,10.8.3
3,3.6,Debian GNU/Linux,8.11
3,3.7,RedHatEnterpriseClient,6.7
3,2.7,Kali GNU/Linux,2017.3
3,3.7,openSUSE Tumbleweed,20190408
3,3.7,Clear Linux OS,30660
3,3.5,Devuan GNU/Linux,
3,2.7,n/a,n/a
3,3.6,Sangoma Linux,7
3,2.7,Anarchy Linux,
3,3.7,OS X,10.14.3
3,3.6,Manjaro Linux,18.0.3
3,3.5,debian,10.0
3,3.7,Kali GNU/Linux,2017.2
3,3.6,Gentoo,2019053001
3,2.7,Scientific,6.4
3,3.6,RedHat Linux,7
3,3.6,N-centralOS Linux,7
3,3.4,Oracle Linux Server,7.6
3,3.5,Red Hat Enterprise Linux Workstation,7.3
3,3.7,RedHatEnterpriseWorkstation,6.7
3,3.6,OS X,10.11.6
3,2.7,Parrot GNU/Linux,4.3
3,2.7,Mageia,6
3,3.7,Red Hat Enterprise Linux,8.1
3,2.7,Intellicyber GNU/Linux,1.0
3,3.7,Gentoo,2.2
3,3.7,openSUSE Tumbleweed,20190806
3,3.7,Clear Linux OS,29520
3,3.5,elementary OS,0.4
3,3.6,KDE neon,16.04
3,2.7,KDE neon Plasma LTS,18.04
3,3.6,Aliyun,6
3,3.6,Ubuntu Kylin,18.10
3,3.7,OS X,10.12.6
3,3.4,SLED,12.3
3,3.6,Alibaba Group Enterprise Linux Server,6.2
3,3.6,Oracle Linux Server,6.8
3,3.5,macOS,10.10.3
3,3.6,Red Hat Enterprise Linux Server,6.4
3,3.6,Mageia,7
3,3.5,Scientific Linux,7.3
3,2.7,Astra Linux (Smolensk),1.6
3,2.7,openSUSE Tumbleweed,20190721
3,2.7,Alibaba Group Enterprise Linux Server,6.2
3,3.5,OS X,10.12.5
3,3.7,SLED,12.3
3,2.7,Freedesktop.org,18.08.32
3,3.7,ScientificCERNSLC,6.10
3,2.7,CentOS,6.1
3,3.7,Oracle Linux Server,6.5
3,2.7,macOS,10.14.0
3,3.6,Scientific,6.5
3,3.5,Scientific Linux CERN SLC,6.9
3,3.7,KDE neon Plasma LTS,18.04
3,3.7,GridOS,26
3,3.6,macOS,10.9.2
3,3.5,NewStart NSDL release V,3.2.4
3,3.6,Anarchy Linux,
3,3.7,RedHatEnterpriseComputeNode,6.5
3,3.7,OracleServer,6.5
3,2.7,Oracle Linux Server,6.7
3,3.6,OS X,10.12.6
2,2.7,NAOqiOS,3.6.22
2,3.6,Ephemeris service,20190714204041
2,3.6,Oracle Linux Server,7.1
2,3.5,SparkyLinux,5
2,3.7,macOS,10.9.3
2,2.7,Scientific Linux,6.8
2,2.7,Linux Mint,18.04
2,3.5,Industrial OS,1.4
2,3.7,Mandriva Linux,2008.1
2,3.7,openSUSE Tumbleweed,20190506
2,3.6,CentOS Linux,7.1.1503
2,2.7,Clear Linux OS,30450
2,3.7,dracut,049-25.git20181204.fc29
2,3.6,Clear Linux OS,30550
2,3.6,macOS,10.10.1
2,3.5,"""elementary""",0.4
2,2.7,RedHatEnterpriseServer,5.3
2,3.5,NewStart NSDL release V,3.3.1
2,3.7,Springdale,6.10
2,3.7,Scientific Linux,7.1
2,2.7,Red Hat Enterprise Linux Server,6.2
2,2.7,DBOS Linux,7
2,3.7,ArcoLinux,v19.06.1
2,3.7,openSUSE Tumbleweed,20190617
2,3.7,SparkyLinux,5.7
2,3.6,Kali GNU/Linux,2.0
2,2.7,IFCOS Linux,7
2,2.6,Ubuntu,18.04
2,3.6,BOSS GNU/Linux,7
2,2.7,Parrot GNU/Linux,4.2.2
2,3.7,Manjaro Linux,18.0.2-2018520
2,3.7,Oracle Linux Server,6.8
2,3.7,ArcoLinuxB-i3,v19.07.9
2,3.7,NixOS,19.03.172807.b2ec3b6db2b
2,3.4,Oracle Linux Server,6.10
2,2.7,Sangoma Linux,7
2,3.6,RedHawk Linux,7
2,3.7,Fedora,22
2,2.7,Pearl,7
2,3.7,Endless,3.6.1
2,3.5,EulerOS,2.0
2,2.7,Fedora,18
2,3.6,Red Hat Enterprise Linux Workstation,6.10
2,2.7,Ubuntu Kylin,18.10
2,3.6,Manjaro Linux,17.1.8
2,3.6,Ubuntu,14.10
2,2.7,Deepin,15.9.2
2,3.7,openSUSE Tumbleweed,20190512
2,3.7,Artix Linux,
2,2.7,macOS,10.9.4
2,3.7,BUILD_NUMBER=,16
2,3.4,openSUSE Leap,42.3
2,2.7,Wifislax64,1.0
2,3.5,RedHatEnterpriseWorkstation,6.8
2,3.7,Clear Linux OS,30440
2,3.6,"""elementary""",0.4.1
2,3.6,Puppy,6.0.5
2,3.6,Springdale Linux,7.5
2,2.7,Deepin,15.4.1
2,3.6,Parrot GNU/Linux,4.5
2,3.6,Arch Linux,2019.1.20
2,2.7,Parrot GNU/Linux,3.8
2,3.5,Springdale Linux,7.6
2,3.5,Kali GNU/Linux,2018.4
2,2.7,Arch Linux,2019.1.20
2,3.4,Scientific Linux,7.6
2,3.7,Arch Linux,v19.01.4
2,3.7,Clear Linux OS,29750
2,3.5,neon,16.04
2,3.6,Gentoo,2.2
2,2.7,Freedesktop.org,18.08
2,3.6,BEE free,18.04
2,2.7,RedHatEnterpriseComputeNode,6.10
2,2.7,BunsenLabs GNU/Linux,8.9
2,2.7,openSUSE Tumbleweed,20190716
2,3.7,ArcoLinuxB-plasma,v19.07.9
2,3.5,Kali GNU/Linux,2016.2
2,3.4,CentOS,6.6
2,3.6,OS X,10.13.4
2,3.5,Linux Mint,19.2
2,3.5,OS X,10.11.5
2,2.7,SLES,15.1
2,3.7,KDE neon,16.04
2,2.7,Red Hat Enterprise Linux Atomic Host,7.4
2,3.5,arch,
2,2.7,HELiOS,7.6SP1
2,3.5,Manjaro Linux,18.0.3
2,3.7,Debian,10
2,3.7,Red Hat Enterprise Linux Server,6.9
2,2.7,Mageia,7
2,3.7,Tencent tlinux,2.0
2,2.7,CentOS Linux,7.2
2,3.7,CentOS Linux,6
2,3.7,Ubuntu Kylin,17.10
2,3.6,Ephemeris service,20190708055521
2,3.7,CtlosLinux,1.4.0
2,3.5,Red Hat Enterprise Linux Server,7.7
2,3.7,Pop!_OS,17.10
2,3.7,Kali GNU/Linux,2016.2
2,2.7,Debian GNU/Linux,8.11
2,3.6,Scientific Linux,7.1
2,2.7,ubilinux,4
2,3.7,openSUSE Tumbleweed,20190508
2,2.7,AlterOS Desktop,1.5.1-k
2,3.6,openSUSE Tumbleweed,20190730
2,2.7,Tencent tlinux,2.0
2,2.7,GNOME,master
2,3.6,Deepin,15.6
2,3.6,AmazonAMI,2014.03
2,2.7,Linux From Scratch,20190714-systemd
2,2.7,AIMS Dekstop GNU/Linux,oldstable-updates
2,3.7,Red Hat Enterprise Linux Server,6.7
2,3.5,Scientific Linux,7.2
2,2.7,RedHatEnterpriseWorkstation,6.8
2,3.5,OS X,10.11.1
2,3.5,Parrot GNU/Linux,4.7
2,3.6,debian,8.4
2,3.4,OS X,10.12.6
2,3.6,openSUSE Tumbleweed,20180424
2,3.7,ArcoLinuxB-deepin,v19.07.9
2,2.7,NeoKylin Desktop,7.0
2,3.6,Freedesktop.org,18.08.33
2,3.6,Virtuozzo Linux,7
2,3.6,RFRemix,28
2,2.7,RedHatEnterpriseWorkstation,6.7
2,3.6,Clear Linux OS,30260
2,2.7,BOSS GNU/Linux,5.0
2,3.5,macOS,10.11.2
2,3.6,SLES_SAP,12.1.0.1
2,3.5,Debian,10
2,2.7,CentOS,5.10
2,3.7,Debian GNU/Linux,rodete
2,3.6,Red Hat Enterprise Linux Workstation,7.0
2,3.5,SLES_SAP,12.2
2,3.6,Debian GNU/Linux,10.0
2,3.7,Clear Linux OS,30290
2,3.7,openSUSE Tumbleweed,20190411
2,3.6,RedHatEnterpriseServer,5.7
2,3.6,RFRemix,26
2,3.7,DBOS Linux,7
2,3.7,Peppermint,10
2,3.7,SVN-,20190629-multilib
2,3.5,NewStart NSDL,v3.2.4rc2.201905-zte
2,3.4,SLES,12.2
2,3.7,Oracle Linux Server,6.6
2,2.7,Devuan GNU/Linux,ascii
2,3.5,Kali GNU/Linux,2019.3
2,2.7,Astra Linux (Orel),2.12.14
2,2.7,Antergos Linux,19.1
2,3.7,BunsenLabs GNU/Linux,8.9
2,3.5,NewStart NSDL,v3.2.1rc1.201811-zte
2,2.7,Parabola,
2,3.5,Manjaro Linux,18.1.0-rc4
2,3.6,Ephemeris service,20190719180547
2,2.7,Ubuntu Kylin,17.10
2,2.7,Chrome,75
2,3.5,Astra Linux (Orel),2.12.13
2,3.7,LinuxMint,18.1
2,3.7,Linux From Scratch,20190714-systemd
2,3.6,Buildroot,2014.02
2,3.7,Kylin Linux,3
2,3.6,openSUSE Tumbleweed,20170620
2,2.7,Linux MinT,19.1
2,3.4,SLES,12.3
2,2.7,Scientific Linux,6.9
2,3.6,OS X,10.14.1
2,3.7,Sailfish OS,3.0.3.9
2,3.5,Deepin,15.8
2,3.5,OS X,10.12.3
2,3.6,Bagrevand-2019.3,20180303-systemd
2,3.7,Red Hat Enterprise Linux ComputeNode,6.4
2,3.7,Oracle Linux Server,6.7
2,3.5,Scientific,6.7
2,3.6,openSUSE MicroOS,20190510
2,2.7,Debian GNU/Linux,16.04
2,3.7,Freedesktop.org,18.08.30
2,3.6,SparkyLinux,5.7
2,3.7,OS X,10.14.4
2,3.7,Devuan GNU/Linux,
2,2.7,Parrot GNU/Linux,3.11
2,3.5,AdvLinxuTU,08/04/2017
2,2.7,SparkyLinux,5
2,3.5,Kali GNU/Linux,2016.1
2,3.7,Progress Linux,5+
2,3.6,Deepin,15.5
2,2.7,Debian GNU/Linux,7.0
2,3.6,Red Hat Enterprise Linux Server,6.3
2,2.7,CentOS Linux,6.0
2,3.5,Red Hat Enterprise Linux ComputeNode,7.6
2,2.7,Puppy,19.03
2,3.7,Antergos Linux,19.3
2,3.7,Deepin,15.5
2,2.7,openSUSE Tumbleweed,20190717
2,3.6,CentOS,4.3
2,3.6,#Cobbler Build Changelog,
2,2.7,Scientific,6.1
2,3.7,SparkyLinux,6
2,3.6,BunsenLabs GNU/Linux,9.8
2,3.7,Sisyphus,20190624
2,3.5,Ubuntu,19.10
2,3.5,Gentoo,2.2
2,3.7,Manjaro Linux,18.1.0-rc2
2,2.7,Scientific Linux,6.5
2,3.7,Deepin,15.9.1
2,3.6,AIMS Desktop GNU/Linux,oldstable-updates
2,3.6,Fedora,22
2,3.6,Porteus,5.0
2,3.6,SLES_SAP,12.2
2,3.7,Manjaro Linux,18.0.1
2,3.6,SecuiOS V4.0(64bit),27
2,2.7,Deepin,15.1
2,2.7,Parrot GNU/Linux,3.6
2,3.7,Epidemic,unstable
2,2.7,"SUSE Linux Enterprise Server ",12
2,3.6,Alpine Linux,3.5.2
2,2.7,"iDirect developer RHEL Patch Version: 1.0.1.5, Build:",30
2,2.7,Oracle Linux Server,8.0
2,3.6,openSUSE Tumbleweed,20190724
2,3.7,Clear Linux OS,30490
2,2.7,Red Hat Enterprise Linux Server,6.3
2,3.5,openSUSE Leap,42.2
2,2.7,MarIuX64,2.0
2,2.7,version:,0.7.2
2,3.6,Manjaro Linux,18.1.0-rc5
2,3.6,OS X,10.14.3
2,3.6,Funtoo GNU/Linux,intel64-westmere-2018-08-08
2,3.7,openSUSE Tumbleweed,20190505
2,3.7,Manjaro Linux,18.1.0-rc6
2,3.6,Slackware,14.0
2,3.6,VDUOS,2.4.6
2,3.6,Fedora,19
2,2.7,Kali GNU/Linux,1.1.0
2,3.6,Red Hat Enterprise Linux ComputeNode,7.6
2,3.7,Arch Linux,v19.03.3
2,3.4,OS X,10.13.6
2,2.7,OracleServer,6.5
2,3.7,macOS,10.9.2
2,3.5,debian,8.10
2,2.7,Kali,kali-rolling
2,2.7,AIMS Desktop GNU/Linux,stable-updates
2,3.6,Red Hat Enterprise Linux Client,7.7
2,2.7,CentOS,7
2,3.4,Ubuntu,18.10
2,2.7,Red Hat Enterprise Linux Workstation,7.7
2,2.7,RedHatEnterpriseServer,5.7
2,3.7,OS X,10.14.2
2,3.7,ArcoLinuxB-gnome,v19.07.11
2,3.7,macOS,10.12.6.1337
2,3.6,Pearl,7
2,2.7,Scientific,6.5
2,3.6,Ephemeris service,20190805115009
2,2.7,Manjaro Linux,
2,3.7,BunsenLabs GNU/Linux,10.0
2,3.7,openSUSE Tumbleweed,20190502
2,3.6,Feren OS,2019.04
2,2.7,Pearl,7.0
2,3.5,RedHatEnterpriseWorkstation,6.9
2,3.6,Generic,27
1,3.5,OS X,10.12.1
1,3.7,Manjaro Linux,2016.01
1,2.7,Arch Linux,16.04
1,3.7,Slackware,14.1
1,3.7,Debian GNU/Linux,20190802-deec6bfb
1,3.5,OS X,10.13.2
1,3.7,Arch Linux,7.6.1810
1,2.7,Scientific Linux,7.1
1,3.5,arch,Manjaro
1,2.7,Red Hat Linux Server,7.6
1,3.5,GosLinux,7
1,3.7,ArcoLinuxB-i3-min,v19.07.9
1,3.6,Deepin,15.5 SP2
1,3.5,openSUSE,13.2
1,2.7,Manjaro Linux,18.0.3
1,3.7,openSUSE Tumbleweed,20170620
1,3.7,Funtoo GNU/Linux,intel64-haswell-2016-12-08
1,3.5,Red Hat Enterprise Linux Server,7.6.1810
1,3.6,Gentoo,2019072301
1,3.7,NixOS,19.03.173179.ef4753de2aa
1,3.6,Funtoo GNU/Linux,amd64-zen-2019-01-15
1,3.5,BunsenLabs GNU/Linux,8.9
1,3.6,Trisquel GNU/Linux,9.0
1,3.5,openSUSE Tumbleweed,20190723
1,3.7,Clear Linux OS,30480
1,2.7,Netrunner,17.06
1,3.6,Kylin,4.0.2
1,2.7,RedHatEnterpriseServer,7.4
1,2.7,openSUSE,12.2
1,3.7,Antergos Linux,18.6
1,3.4,Fedora,29
1,3.5,Peppermint,7
1,3.6,Linux,
1,3.5,Purity,99.9.9
1,3.7,Tails,9.9
1,3.5,BunsenLabs GNU/Linux,9.6
1,3.5,Deepin,15.5 SP3
1,3.7,Antergos Linux,18.10
1,2.7,Scientific Linux,6.6
1,2.7,ScientificFermi,6.5
1,3.4,debian,8.5
1,3.7,ALT Server,8.2
1,3.7,Debian,n/a
1,3.5,openSUSE Tumbleweed,20190702
1,3.6,MPA-10.00--x86_,64--2019-01-16
1,3.7,NI Linux Real-Time,7.0
1,3.6,SparkyLinux,5
1,3.5,RedHatEnterpriseAS,4
1,2.7,Puppy,7.5
1,2.7,SNIPER OS,7
1,2.7,Industrial OS,1.2
1,2.7,NewStart NSDL release V,3.2.4
1,3.5,Tsurugi,2018.1
1,3.6,openSUSE Tumbleweed,20190209
1,3.5,OS X,10.11.4
1,3.7,Sangoma Linux,7
1,2.7,openSUSE Tumbleweed,20190605
1,2.7,ArcoLinuxB-deepin,v19.07.9
1,3.7,Linux Mint LMDE,10.0
1,2.7,Red Hat Enterprise Linux Workstation,6.7
1,2.7,Red Hat Enterprise Linux ComputeNode,7.6
1,2.7,powermeter,master
1,2.7,Puppy,7.9.7
1,3.6,Fatdog64 Linux,721
1,2.7,Clear Linux OS,29940
1,3.6,openSUSE Leap,42.1
1,3.5,openSUSE Tumbleweed,20170201
1,3.5,SLED,15
1,3.6,Funtoo GNU/Linux,core2_64-2019-05-08
1,2.7,OS X,10.11.4
1,3.6,CentOS release 6.9 (Final),6.10
1,3.6,NixOS,19.09pre-git
1,3.7,Mageia,8
1,3.5,AIMS Desktop GNU/Linux,stable-updates
1,3.7,openSUSE Leap,42.1
1,2.7,Virtuozzo Infrastructure Platform,2
1,3.6,Nest Enterprise Linux,7
1,3.6,Chrome,75
1,2.7,SparkyLinux,4
1,2.7,openSUSE Tumbleweed,20190612
1,3.5,CentOS,5.7
1,3.7,Container-Optimized OS,77
1,3.5,Devuan GNU/Linux,ascii
1,2.7,ROSA Desktop Fresh R11,2016.1
1,3.6,NixOS,19.03pre-git
1,3.6,Acronis Cyber Infrastructure,2
1,3.7,Arch Linux,v18.10.4
1,3.6,BOSS GNU/Linux,6
1,3.6,BunsenLabs GNU/Linux,8.9
1,3.7,Manjaro Linux,19.05.05
1,3.6,Alpine Linux,3.6.3
1,3.6,RedHatEnterpriseClient,6
1,3.5,Arch Linux,v19.06.1
1,3.5,Deepin,15.9.2
1,2.7,Manjaro Linux,18.0.0
1,3.4,Oracle Linux Server,7.3
1,2.7,BigCloud Enterprise Linux,7
1,3.7,8.,0
1,3.5,Fedora,23
1,3.6,AIMS Dekstop GNU/Linux,stable-updates
1,3.5,macOS,10.11.1
1,3.7,AIMS Dekstop GNU/Linux,stretch
1,3.7,OS X,10.9.5
1,3.4,BOSS GNU/Linux,6
1,2.7,Debian GNU/Linux,9.4
1,3.5,CentOS,7
1,2.7,ALCS,alcs-4.32.1-JILL
1,3.6,Mageia,3
1,3.6,Manjaro Linux,17.1
1,3.7,openSUSE Tumbleweed,20190529
1,3.7,Red Hat Enterprise Linux Server,6.8
1,2.7,Parrot GNU/Linux,3.9
1,3.7,TEWS,1
1,2.7,"Derived from Red Hat Enterprise Linux ",7.5
1,3.6,Clear Linux OS,30440
1,3.7,CloudLinux,7.6
1,3.5,#CentOS,6
1,3.7,Debian GNU/Linux,20190807-7e156f9c
1,3.5,Scientific Linux,6.9
1,2.7,OS X,10.13.2
1,3.6,ALCS,alcs-4.32.1-JILL
1,3.6,KDE,5.12
1,3.5,Red Hat Enterprise Linux Server,7.1
1,3.7,The,latest
1,3.4,macOS,10.13.5
1,3.5,Arch Linux,Archman - 2019.07
1,2.7,Progress Linux,5+
1,3.6,OS X,10.12.1
1,3.7,Chrome,76
1,3.6,Manjaro Linux,17.1.6
1,3.5,Generic,25
1,3.6,Fatdog64 Linux,802
1,3.6,Debian GNU/Linux,9.4
1,3.6,Arch Linux,v19.05.2
1,3.7,openSUSE Tumbleweed,20190521
1,3.4,NeoKylinAdvancedServer,6.8
1,3.6,Crystal Eye,2.0
1,2.7,openSUSE Tumbleweed,20190702
1,2.7,CentOSRedHatEnterpriseServer,6.5
1,3.6,Debian,unstable
1,2.7,SLED,12.1
1,3.6,Ephemeris service,20190721042119
1,3.7,Chrome,74
1,3.6,Parrot GNU/Linux,4.2.2
1,3.5,Astra Linux (Smolensk),1.5.32
1,3.4,Gentoo,n/a
1,3.5,Red Hat Enterprise Linux Server,6.6
1,3.6,Devuan GNU/Linux,1
1,3.5,Aliyun,6
1,3.5,Endless,3.5.1
1,3.7,Alpine Linux,3.7.3
1,3.7,OS for madrigal,alpha
1,3.6,Clear Linux OS,30380
1,2.7,AlibabaGroupEnterpriseServer,6.2
1,3.7,OS X,10.11.6
1,2.7,Generic,30
1,2.7,SUSE LINUX,11.3
1,3.7,noop Linux,
1,3.5,openSUSE Leap,42.1
1,2.7,Deepin,15.6
1,3.5,debian,9.5
1,3.7,NixOS,19.03.173251.56d94c8c69f
1,2.7,AlterOS Desktop,1.0.1
1,3.7,Debian GNU/Linux,3.0
1,3.7,self-builded,
1,3.7,Devuan GNU/Linux,3
1,3.5,Kali GNU/Linux,2018.2
1,3.5,SLES,15.1
1,3.7,Red Hat Enterprise Linux Workstation,7.1
1,3.6,NeoKylin Military Server,5
1,3.6,NixOS,19.09.git.362be96
1,3.7,Clear Linux OS,29800
1,3.7,OS X,10.12.4
1,3.4,Fedora,30
1,3.7,NixOS,19.03.172754.0728c3e026e
1,2.7,Chrome,74
1,3.5,CentOS Linux,7.0
1,3.7,Reborn OS,
1,3.7,Fedora,16
1,3.6,AIMS Dekstop GNU/Linux,oldstable-updates
1,3.7,Manjaro Linux,18.0.0-rc
1,3.5,OS X,10.8.5
1,2.7,openSUSE Tumbleweed,20190614
1,3.7,Debian GNU/Linux,20190801-a11b2661
1,2.7,PLD Linux,3.0
1,3.6,Chrome,77
1,3.6,Funtoo GNU/Linux,intel64-ivybridge-2019-05-08
1,2.7,Linux version 3.18.124-SurfSeCure (root@sd-dd-int01.iitdgroup.ru) (gcc version,7.3.0
1,3.7,Scientific,6.8
1,3.6,RedHatEnterpriseComputeNode,6.7
1,2.7,NI Linux Real-Time,6.0
1,3.5,Scientific,6.8
1,3.7,Gentoo,6
1,3.7,HamoniKR-ME,19
1,3.6,NixOS,19.09.git.73392e7
1,3.6,Pearl,7.0
1,3.6,Clear Linux OS,30480
1,2.7,Parrot GNU/Linux,3.10
1,3.6,SLE-HPC,12.3
1,2.7,Virtuozzo Linux,7.5
1,3.6,CloudLinux,7.6
1,3.7,Fidelity Linux Server release 6.10 Fid,19a
1,3.7,Parrot GNU/Linux,3.11
1,3.7,openSUSE Tumbleweed,20190214
1,2.7,openSUSE Tumbleweed,20190703
1,3.5,Kali GNU/Linux,2019.1
1,3.7,Manjaro Linux,18.0.4-19104
1,2.7,RedHatEnterpriseServer,7.3
1,3.6,ClearOS,7
1,3.6,Debian GNU/Linux,9.3
1,3.5,Red Hat Enterprise Linux Server,6.8
1,3.4,Red Hat Enterprise Linux Workstation,7.6
1,3.7,SLES,15.1
1,2.7,Oracle Linux Server,7.1
1,3.6,RedHawk Linux,7.5
1,2.7,Clear Linux OS,30300
1,2.7,openSUSE Tumbleweed,20190420
1,2.7,"Forensoft Dynamic Malware Protection System Release ",1.0.0.0
1,3.6,Red Hat Enterprise Linux ComputeNode,7.2
1,3.5,OS X,10.9.5
1,3.7,DAQRI VOS,9000.134
1,3.6,n/a,n/a
1,2.7,Devuan GNU/Linux,10
1,2.7,Ubuntu Kylin,15.04
1,3.6,Calculate,n/a
1,2.7,Red Hat Enterprise Linux Workstation,7.1
1,3.7,macOS,10.90
1,3.6,macOS,10.9.4
1,3.4,Ubuntu,12.04
1,3.6,Parrot GNU/Linux,3.9
1,2.7,Scientific Linux,6.7
1,3.7,7.,0
1,2.7,NewStart NSDL,v3.2.2rc5.201812-zte
1,3.7,elementary OS,0.4
1,3.6,SuSE,15.0
1,3.7,openSUSE Tumbleweed,20190605
1,3.5,Kali GNU/Linux,2018.1
1,3.6,Clear Linux OS,30320
1,3.6,OS X,10.13.5
1,3.6,OS X,10.11.5
1,3.6,Clear Linux OS,30270
1,2.6,RedHatEnterpriseServer,6.7
1,3.6,OracleServer,6.4
1,3.7,BunsenLabs GNU/Linux,9.7
1,2.7,Sabayon,n/a
1,3.7,Endless,3.6.0
1,3.7,bullxServer,6.3
1,3.7,Springdale Linux,7.5
1,3.7,Clear Linux OS,30680
1,2.7,Wifislax64,2.0
1,3.5,Oracle Linux Server,6.5
1,3.6,debian,7.8
1,3.6,Red Hat Enterprise Linux ComputeNode,7.5
1,3.7,Linux From Scratch,SVN-20190712
1,2.7,SLES_SAP,12.1.0.1
1,3.5,Kali,kali-rolling
1,2.7,Manjaro Linux,17.1.12
1,3.7,Peppermint,8
1,3.7,5.,0
1,3.7,Fedora,14
1,3.7,Debian GNU/Linux,20190802-a11b2661
1,3.6,ScientificFermi,6.7
1,3.7,RedHatEnterprise,6.10
1,3.6,Parrot GNU/Linux,3.11
1,3.7,Manjaro Linux,18.0.0
1,3.7,Arch Linux,1.2.0
1,3.7,Puppy,19.03
1,3.6,Alces Core HPC Configuration package,4.2
1,3.6,Ephemeris service,20190727210748
1,3.5,Ubuntu Kylin,17.10
1,3.6,SLED,12.1
1,3.6,Oracle Linux Server,6.6
1,3.7,Scientific Linux,6.5
1,2.7,ArcoLinux,v19.07.11
1,2.7,debian,9.7
1,2.7,RedHatEnterpriseClient,6
1,3.6,SLED,12.4
1,3.7,Springdale Linux,7.3
1,3.6,Ephemeris service,20190805133658
1,3.6,Linux Mint LMDE,3
1,3.7,Pearl,8
1,2.7,Skywave Linux,3.1.1
1,3.5,macOS,10.7.5
1,2.7,Funtoo GNU/Linux,intel64-skylake-2019-06-17
1,3.7,Debian GNU/Linux,7.0
1,3.7,Ubuntu Kylin,18.04
1,3.5,RFRemix,25
1,3.7,Arch Linux,v19.07.9
1,3.5,DAQRI VOS,1907.4-acela
1,3.6,Red Hat Enterprise Linux Server,6.6
1,2.7,Debian,n/a
1,3.6,Red Hat Enterprise Linux Server,7.6.1810
1,3.5,OS X,10.13.5
1,3.7,ALT,9.0
1,3.6,RedHatEnterpriseServer,n/a
1,3.5,CentOS,6.0
1,3.4,macOS,10.14.2
1,3.6,Clear Linux OS,30300
1,3.7,Parrot GNU/Linux,4.2.2
1,3.6,Exherbo,n/a
1,2.7,NewStart NSDL,v3.2.4rc2.201905-zte
1,3.7,Clear Linux OS,30630
1,3.6,openSUSE Tumbleweed,20190713
1,3.6,SLED,12.3
1,3.6,Debian,7.11
1,3.7,NixOS,19.03.172758.36516712916
1,2.7,CloudLinux,7.6
1,2.7,OS X,10.15
1,3.6,VzB GSB Linux,7.6
1,3.5,Clear Linux OS,29870
1,3.6,OS X,10.12.5
1,3.5,OS X,10.10.3
1,3.6,Sabayon,2.6
1,3.6,gzyouai Linux CentOS,6.3
1,2.6,ScientificCERNSLC,6.10
1,3.7,DAQRI VOS,9000.129-acela
1,2.7,Pearl,4.0
1,3.7,ArcoLinuxB-xfce-bare,v19.07.9
1,2.6,Debian GNU/Linux,testing
1,3.7,HomeBrew,0190721-systemd
1,3.7,CloudLinux Server,6.10
1,2.7,openSUSE Tumbleweed,20190310
1,2.7,TinyCore,9.0
1,3.6,Red Hat Enterprise Linux Workstation,7.7
1,3.5,openSUSE,12.3
1,3.5,Endless,3.4.3-nexthw1
1,3.6,elementary OS,18.04
1,3.7,Debian GNU/Linux,16.04
1,3.5,ALT Server,8.0
1,2.7,Clear Linux OS,30380
1,3.4,CloudLinux Server,6.10
1,3.6,HELiOS,7.5
1,3.7,Manjaro Linux,17.1.5
1,3.6,NeoKylinAdvancedServer,6.5
1,3.6,openSUSE Tumbleweed,20190704
1,3.5,Netrunner,17.06
1,2.7,Debian GNU/Linux,3.0
1,2.7,bullxServer,6.3
1,3.5,AIMS Dekstop GNU/Linux,stable-updates
1,3.7,DAQRI VOS,9000.137
1,2.7,Poky Aero (Intel Aero Linux Distro),1.6.2
1,2.7,Lubuntu,18.04
1,2.7,MgmtOS,6.7
1,3.4,CentOS,6.4
1,3.6,LinuxMint,19
1,2.7,Baidu CarOS,1.0
1,2.7,macOS,10.6.8
1,2.7,SLED,12.2
1,3.7,Astra Linux (Orel),2.12.13
1,3.6,dracut,033-535.el7
1,3.5,macOS,10.12.1
1,3.7,Peppermint,9
1,3.6,Funtoo GNU/Linux,intel64-nehalem-2019-06-16
1,3.6,OS X,10.13.3
1,3.7,Clear Linux OS,30450010
1,3.6,Red Hat Enterprise Linux Server,6.2
1,3.6,TinyCore,9.0
1,3.4,RedHatEnterpriseWorkstation,6.10
1,3.7,openSUSE Tumbleweed,20190507
1,2.7,Scientific Linux Fermi,6.10
1,3.5,Springdale Linux,7.5
1,2.7,Pop!_OS,17.10
1,3.7,NixOS,19.09.git.73392e79aa6
1,2.7,OS X,10.12.4
1,3.7,Mageia,6
1,2.7,Distro Astro,3.0.2
1,3.4,Scientific Linux,7.4
1,2.7,Kylin Linux,3.3.1703
1,2.7,NewStart NSDL release V,3.2.1
1,3.6,Arch Linux,x86_64
1,3.7,SharkLinux,CR
1,3.6,Scientific Linux,6.6
1,3.6,Parrot GNU/Linux,4.4
1,3.7,Manjaro Linux,19.05.21
1,3.5,NewStart NSDL release V,3.2.1
1,3.5,macOS,10.10
1,2.7,Astra Linux (Smolensk),1.5
1,3.5,OS X,10.13
1,2.7,Arch Linux,7.3.1611
1,3.6,HamoniKR-ME,19
1,3.7,DAQRI VOS,9000.123-acela
1,3.7,Trisquel GNU/Linux,7.0
1,2.7,ScientificFermi,6.3
1,3.6,openSUSE Tumbleweed,20190708
1,3.4,macOS,10.14
1,2.7,Scientific,6.2
1,2.7,Puppy,6.0
1,3.7,Ubuntu,14.10
1,3.7,LugoLinux,20190624-systemd
1,3.5,Linux Mint LMDE,3
1,3.6,Red Hat Enterprise Linux Workstation,7.1
1,3.5,OS X,10.6.8
1,3.6,Spez Linux,16.0
1,2.6,Ubuntu,14.04
1,2.7,Manjaro Linux,18.1.0-rc5
1,3.5,AIMS Dekstop GNU/Linux,oldstable-updates
1,2.7,AIMS Desktop GNU/Linux,10.0
1,3.4,Tencent tlinux,2.2
1,3.6,Funtoo Linux - baselayout,2.2.2
1,3.4,Oracle Linux Server,7.4
1,3.5,EterTICs GNU/Linux,2.0
1,3.5,Simply Linux,8.2.0
1,3.6,Astra Linux (Orel),2.12.14
1,3.6,Ubuntu Kylin,17.04
1,3.6,LinuxMint,19.1
1,3.6,Red Hat Enterprise Linux Client,7.3
1,3.6,KVX,19088
1,3.7,Ubuntu,15.10
1,3.7,"""elementary""",0.4.1
1,3.6,debian,7.10
1,3.7,Gentoo,n/a
1,3.6,ScientificFermi,6.4
1,2.7,Check Point Gaia R,77.30
1,3.7,Debian GNU/Linux,9.spamexperts
1,3.5,CentOS,5.5
1,3.7,Anarchy Linux,rolling
1,3.5,"openSUSE ",42.1
1,2.7,Linux From Scratch,20190629-systemd
1,3.5,Astra Linux (Smolensk),1.5.34
1,3.7,NixOS,18.09.2455.3eed6d45739
1,2.7,meta-intel-ese Reference Distro,1.0
1,3.4,openSUSE Leap,42.2
1,2.7,HELiOS,7.6SP2
1,2.7,Generic,27
1,2.7,RedHatEnterpriseServer,5.11
1,2.7,RedHatEnterpriseWorkstation,6.5
1,2.7,Red Hat Enterprise Linux Workstation,6.10
1,3.7,WSLFedoraRemix,29
1,3.7,openSUSE Tumbleweed,20190403
1,3.6,RedHatEnterpriseClient,5.11
1,3.6,OS X,10.12.4
1,2.7,Pardus GNU/Linux,17.5
1,3.6,ScientificCERNSLC,6.8
1,2.7,SuperX,5.0
1,3.7,Deepin,15.5 SP2
1,3.7,Wind,6.0.0.23
1,3.7,Clear Linux OS,29920
1,3.6,Feren OS,2018.10
1,3.7,Puppy,7.5
1,2.7,ClearOS,7
1,3.4,RedHatEnterpriseWorkstation,6.7
1,3.7,Arch Linux,Archman - 2019.07
1,3.5,debian,8.3
1,3.5,Red Hat Enterprise Linux Client,6.7
1,3.7,1Q,2019
1,3.3,CentOS Linux,7
1,3.7,Debian GNU/Linux,20190802-2a433fbd
1,3.7,Neptune,6.0
1,3.5,OS X,10.7.5
1,3.4,Red Hat Enterprise Linux Server,7.2
1,3.7,openSUSE Tumbleweed,20190425
1,3.5,NewStart NSDL,v3.2.2rc5.201812
1,2.7,Debian GNU/Linux,9.spamexperts
1,2.7,Scientific,6.3
1,3.7,Red Hat Enterprise Linux ComputeNode,7.6
1,3.6,Centos,6.3
1,2.7,"openSUSE ",42.3
1,3.6,Arch Linux,n/a
1,2.7,"""elementary""",0.4
1,2.7,Sn3rpOs_v5.18,Sn3rpOs_v5.18
1,2.7,Debian,6.0.10
1,3.6,SteamOS GNU/Linux,2
1,3.7,OL-,6.3.1-64
1,3.7,Arch Linux,v18.12.7
1,3.5,NewStart NSDL,v3.3.1.201907
1,3.7,Deepin,15.7
1,3.5,ThinPro,7.1.0
1,3.7,Clear Linux OS,28420
1,2.7,Wind River Linux,8.0.0.28
1,2.7,Arch Linux,18.0.4
1,3.7,TmaxOS,4.0.4
1,3.6,RedHatEnterprise,6.10
1,3.4,CentOS Linux,7.2.1511
1,2.7,RFRemix,28
1,3.7,Parrot GNU/Linux,3.9
1,3.5,macOS,10.6.8
1,3.5,SLES_SAP,12.1.0.1
1,3.7,Arch,rolling
1,3.7,Salient OS,v19.06
1,2.7,Bi Ch Minh,16.04
1,2.7,Ubuntu Core,18
1,3.6,BUILD_NUMBER=,16
1,3.5,NewStart NSDL,v3.2.2rc5.201812-zte
1,3.5,Slackware,14.0
1,3.6,Ephemeris service,20190805161525
1,3.6,Scientific,6.2
1,2.7,RedHatEnterpriseCentOS,6.8
1,2.7,#RedHatEnterpriseServer,6.6
1,3.5,Fedora,21
1,3.4,CentOS,6.5
1,3.5,void,rolling
1,3.6,Gentoo,Gentoo
1,3.5,SLES,12
1,3.5,Red Hat Enterprise Linux Server,6.4
1,2.7,"openSUSE ",42.2
1,3.7,openSUSE Tumbleweed,20181213
1,2.7,MCS Linux,2018
1,3.7,Funtoo GNU/Linux,amd64-excavator-2017-10-21
1,3.6,Debian,n/a
1,2.7,Arch Linux,v19.02.4
1,2.7,InWise for ATM,8
1,2.7,MPA-10.00--x86_,64--2019-01-16
1,3.6,EndeavourOS,rolling
1,3.7,LFS,2.6
1,3.7,Oracle Linux Server,7.2
1,2.7,Alpine Linux,3.8.2
1,2.6,RedHatEnterpriseServer,6.10
1,3.7,Amazon Linux AMI,2014.09
1,3.7,Sisyphus,20190303
1,3.4,Fedora,27
1,2.7,Nest Enterprise Linux,7
1,3.6,PacketLinux,7
1,3.6,openSUSE Tumbleweed,20190621
1,2.7,Container-Optimized OS,77
1,3.7,Aliyun Linux,2.1903
1,3.6,Aliyun Linux,5.7
1,3.7,Red Hat Enterprise Linux ComputeNode,7.3
1,3.7,8.,4
1,2.7,SLED,15.1
1,3.7,openSUSE Tumbleweed,20190606
1,3.6,Chakra,
1,3.5,Mac,16.04
1,2.7,Ubuntu,15.11
1,3.7,NI Linux Real-Time,7.1
1,2.7,Issabel PBX,7
1,3.4,openSUSE,13.2
1,3.6,CentOS,7
1,3.5,Puppy,7.5
1,3.7,UbuntuPack,18.04
1,3.6,RedHatEnterpriseServer,5.4
1,3.7,OS X,10.13.2
1,3.6,Deepin,15.4.1
1,3.6,neon,16.04
1,2.7,Red Hat Enterprise Linux Client,7.4
1,3.5,Parrot GNU/Linux,3.6
1,3.7,OL-,6.5.1-64
1,3.6,Ephemeris service,20190805144945
1,3.7,,10
1,3.7,SparkyLinux,4
1,2.7,AIMS Dekstop GNU/Linux,stable-updates
1,3.6,Pengwin,
1,2.7,OS X,10.11.3
1,3.6,Epidemic,testing
1,3.7,RedHatEnterpriseServer,5.4
1,3.5,intel-embedded-system-enabling,1.0
1,3.5,Red Hat Enterprise Linux Workstation,6.6
1,2.7,Manjaro Linux,n/a
1,2.7,Parrot GNU/Linux,3.4
1,3.6,openSUSE Tumbleweed,20190716
1,3.6,RedHatEnterpriseClient,5.5
1,3.6,SLED,12.2
1,2.7,BlankOn GNU/Linux,10.0
1,3.4,Deepin,15.11
1,3.5,debian,wheezy/sid
1,3.7,openSUSE Tumbleweed,20181004
1,3.6,Linux From recipos,0-systemd
1,3.6,WLinux,testing
1,3.6,Bluehat,3.2
1,3.6,Manjaro Linux,17.1pre3
1,3.6,SISSALinux,6.5
1,3.5,Antergos Linux,rolling
1,3.6,Kali GNU/Linux,2016.1
1,3.6,Ephemeris service,20190806142834
1,2.7,Gentoo Base System,2.6
1,3.5,ScientificCERNSLC,6.10
1,3.6,OS X,10.13.1
1,3.6,Funtoo GNU/Linux,intel64-haswell-2017-10-04
1,3.5,OS X,10.15
1,2.7,dracut,049-25.git20181204.fc29
1,2.7,HomeBrew,0190721-systemd
1,3.7,debian,8.9
1,2.7,5.,0
1,3.6,Fedora,16
1,2.7,XenServer,7.6.0
1,3.5,Fedora,22
1,3.6,Ephemeris service,20190805155035
1,3.7,Chrome,77
1,3.7,RedHatEnterpriseServer,7.3
1,3.5,Ubuntu,17.06
1,3.7,ArchBang-Rc Linux,rolling
1,3.6,CentOS,6.0
1,3.7,Linux From Scratch,2-systemd
1,3.6,Puppy,18.05
1,3.5,OS X,10.13.3
1,2.7,Chrome,72
1,3.7,starter kit,p9
1,2.7,neon,16.04
1,2.7,Scientific Linux CERN SLC,6.8
1,2.6,Oracle Linux Server,6.10
1,3.6,Generic,30
1,3.6,elementary OS,0.4
1,3.4,Linux Mint,19
1,3.7,SLES,11
1,3.5,Gentoo,10
1,3.7,ArcoLinuxB-qtile,v19.07.9
1,3.5,Mentor Embedded Linux,11
1,2.7,Spez Linux,15.0
1,3.4,Red Hat Enterprise Linux Workstation,7.3
1,3.5,Quirky,1.0.92
1,2.7,Engine Yard Gentoo Linux,2012.11
1,3.5,Bi Ch Minh,16.04
1,3.7,macOS,10.8.2
1,3.4,Red Hat Enterprise Linux Server,5.3
1,2.7,CentOS,5.6
1,3.7,Clear Linux OS,29690
1,3.5,Arch Linux,n/a
1,3.5,PexOS,1.0.0
1,2.7,SVN-,20190629-multilib
1,3.6,openSUSE Tumbleweed,20190115
1,3.6,#CentOS,6.5
1,3.5,SLES,15
1,2.7,Gmac Linux,Gmac Linux
1,3.6,Fidelity Linux Server release 6.10 Fid,19a
1,3.5,ScientificSL,5.5
1,2.7,AmazonAMI,2013.09
1,3.5,Parrot GNU/Linux,4.6
1,2.7,Cumulus Linux,3.7.0
1,2.7,macOS,10.10.4
1,3.6,Clear Linux OS,30580
1,3.6,RFRemix,29
1,3.5,LinuxMint,17.3
1,3.7,Astra Linux (Orel),2.12.14
1,3.7,Endeavour Linux,rolling
1,3.7,Debian,9
1,2.7,Manjaro Linux,19.05.05
1,3.7,Freedesktop.org,18.08.31.1
1,3.5,Red Hat Enterprise Linux Server,4.9
1,2.7,openSUSE Tumbleweed,20190219
1,3.6,Puppy,8.0
1,3.6,Oracle Linux Server,6.5
1,2.7,AmazonAMI,2014.03
1,3.6,Ephemeris service,20190723171536
1,2.7,Devuan GNU/Linux,1
1,2.7,Scientific Linux,6.1
1,3.7,Linux Mint LMDE,3
1,2.7,Clear Linux OS,30220
1,3.4,Fedora,23
1,3.6,Artix,rolling
1,3.7,Fedora,19
1,3.7,Debian GNU/Linux,20190805-1ffa5fff
1,3.6,Fedora,15
1,3.4,Linux Mint LMDE,2
